date,temperature_2m_max (°C),temperature_2m_mean (°C),precipitation_sum (mm),wind_speed_10m_max (km/h),wind_direction_10m_dominant (°),shortwave_radiation_sum (MJ/m²)
2018-12-01,26.7,20.0,0.00,10.5,69,13.95
2018-12-02,27.8,20.7,0.00,10.7,80,16.24
2018-12-03,27.9,20.9,0.00,10.0,46,14.86
2018-12-04,27.8,21.5,0.00,9.7,79,15.20
2018-12-05,28.3,21.8,0.00,13.8,141,16.60
2018-12-06,29.2,21.8,0.00,13.0,284,17.18
2018-12-07,29.4,21.7,0.00,13.1,328,16.69
2018-12-08,29.6,22.4,0.00,16.0,271,16.77
2018-12-09,29.7,20.9,0.00,13.0,303,16.94
2018-12-10,26.9,19.5,0.00,11.7,310,17.37
2018-12-11,26.5,19.1,0.00,11.2,345,17.03
2018-12-12,26.1,19.3,0.00,10.9,341,16.88
2018-12-13,26.0,19.5,0.00,11.6,23,16.72
2018-12-14,25.7,19.1,0.00,16.7,69,16.62
2018-12-15,26.2,19.7,0.00,18.9,83,16.48
2018-12-16,25.5,19.4,0.00,15.6,75,16.82
2018-12-17,24.7,17.8,0.00,12.7,76,16.83
2018-12-18,25.7,18.8,0.00,11.3,72,16.89
2018-12-19,25.2,17.1,0.00,15.4,78,17.40
2018-12-20,25.5,17.4,0.00,15.3,82,17.27
2018-12-21,26.3,18.3,0.00,10.4,67,16.94
2018-12-22,27.6,19.2,0.00,9.1,62,16.90
2018-12-23,28.3,20.3,0.00,11.4,65,15.90
2018-12-24,29.2,21.5,0.00,13.1,336,12.92
2018-12-25,29.6,22.2,0.00,12.7,272,16.42
2018-12-26,26.4,19.7,0.00,16.2,298,16.83
2018-12-27,24.3,16.2,0.00,14.0,36,17.59
2018-12-28,23.7,16.0,0.00,18.4,81,17.75
2018-12-29,24.3,15.7,0.00,15.7,83,17.65
2018-12-30,24.9,16.2,0.00,14.9,81,17.52
2018-12-31,26.1,17.0,0.00,13.6,80,17.54
2019-01-01,27.4,17.9,0.00,12.2,69,16.98
2019-01-02,28.2,19.0,0.00,11.6,3,17.50
2019-01-03,28.8,20.5,0.00,12.2,35,17.37
2019-01-04,29.0,20.1,0.00,12.5,35,17.45
2019-01-05,29.3,20.3,0.00,11.5,280,17.36
2019-01-06,27.3,18.8,0.00,12.9,330,17.70
2019-01-07,25.9,17.1,0.00,13.4,73,17.78
2019-01-08,26.4,17.2,0.00,11.5,69,17.90
2019-01-09,27.2,17.3,0.00,10.1,46,17.91
2019-01-10,27.6,18.1,0.00,10.8,63,17.87
2019-01-11,28.9,18.7,0.00,9.5,359,17.72
2019-01-12,28.7,20.1,0.00,13.1,272,17.87
2019-01-13,27.5,19.0,0.00,13.0,342,18.03
2019-01-14,27.3,18.8,0.00,14.1,59,17.83
2019-01-15,27.7,19.4,0.00,11.3,78,17.86
2019-01-16,29.1,20.3,0.00,14.0,42,17.86
2019-01-17,29.8,21.4,0.00,15.2,327,18.04
2019-01-18,29.4,20.7,0.00,11.7,40,18.27
2019-01-19,29.4,20.9,0.00,11.5,63,18.18
2019-01-20,29.7,22.5,0.00,9.9,64,18.35
2019-01-21,29.0,21.4,0.00,18.1,251,18.32
2019-01-22,25.9,19.2,0.00,19.3,254,18.18
2019-01-23,24.8,18.2,0.00,14.0,282,16.82
2019-01-24,26.6,18.5,0.00,18.1,313,18.31
2019-01-25,24.5,18.1,0.00,17.8,335,19.36
2019-01-26,24.1,17.1,0.00,16.2,51,18.72
2019-01-27,24.3,17.4,0.00,16.0,67,19.16
2019-01-28,23.1,16.6,0.00,16.6,72,19.38
2019-01-29,23.9,16.1,0.00,15.2,80,19.74
2019-01-30,26.8,17.7,0.00,13.2,73,19.55
2019-01-31,27.4,19.1,0.00,11.2,262,19.24
2019-02-01,28.4,19.8,0.00,12.0,276,19.30
2019-02-02,28.3,20.4,0.00,14.3,355,18.18
2019-02-03,28.7,21.6,0.00,12.5,321,15.91
2019-02-04,29.6,22.6,0.00,17.9,119,17.63
2019-02-05,29.7,22.2,0.00,13.5,250,19.04
2019-02-06,29.1,21.9,0.00,18.2,261,19.15
2019-02-07,24.6,18.8,0.00,22.6,280,20.00
2019-02-08,22.3,15.8,0.00,16.8,293,21.19
2019-02-09,23.7,14.7,0.00,17.4,64,21.66
2019-02-10,27.6,17.2,0.00,14.8,79,21.34
2019-02-11,29.8,19.7,0.00,17.2,36,20.98
2019-02-12,31.7,22.9,0.00,16.0,14,19.13
2019-02-13,31.3,24.2,0.00,14.8,259,18.28
2019-02-14,31.3,23.4,0.00,16.9,283,20.16
2019-02-15,29.4,22.6,0.00,17.4,286,21.20
2019-02-16,27.6,20.1,0.00,15.7,335,21.65
2019-02-17,29.4,20.9,0.00,15.4,333,21.63
2019-02-18,31.7,21.9,0.00,10.9,295,21.48
2019-02-19,32.8,22.8,0.00,13.6,292,21.66
2019-02-20,34.1,24.7,0.00,14.6,60,21.57
2019-02-21,34.0,24.7,0.00,15.1,257,20.33
2019-02-22,34.0,25.7,0.00,16.3,304,21.26
2019-02-23,34.1,25.3,0.00,17.9,331,21.45
2019-02-24,33.2,24.7,0.00,20.1,294,22.18
2019-02-25,30.7,23.7,0.00,15.7,306,22.32
2019-02-26,27.9,22.9,0.00,21.6,294,22.56
2019-02-27,26.6,20.9,0.00,21.4,277,21.02
2019-02-28,27.7,20.6,0.00,12.1,349,22.88
2019-03-01,29.7,21.4,0.00,11.2,56,22.60
2019-03-02,34.0,24.0,0.00,19.6,174,22.58
2019-03-03,30.6,23.2,0.00,15.5,268,22.43
2019-03-04,29.0,22.2,0.00,18.1,275,20.76
2019-03-05,29.7,21.6,0.00,15.5,279,22.52
2019-03-06,28.7,21.3,0.00,13.0,295,23.64
2019-03-07,30.6,22.0,0.00,14.8,302,23.82
2019-03-08,33.2,23.8,0.00,17.3,301,23.21
2019-03-09,32.3,24.7,0.00,19.1,301,23.22
2019-03-10,33.3,25.0,0.00,16.9,305,23.45
2019-03-11,31.9,24.6,0.00,15.8,286,23.57
2019-03-12,33.5,24.9,0.00,15.2,291,23.41
2019-03-13,32.0,24.4,0.00,17.1,291,20.62
2019-03-14,31.0,23.9,0.00,16.1,298,23.70
2019-03-15,32.2,24.4,0.00,15.4,339,24.16
2019-03-16,34.7,25.5,0.00,16.4,289,24.14
2019-03-17,33.8,26.0,0.00,14.5,284,24.05
2019-03-18,33.8,25.8,0.00,20.2,319,24.49
2019-03-19,34.3,26.1,0.00,18.2,316,24.87
2019-03-20,34.2,25.4,0.00,18.9,277,24.59
2019-03-21,33.0,25.0,0.00,15.5,273,25.02
2019-03-22,33.7,24.9,0.00,14.7,312,25.01
2019-03-23,34.8,27.1,0.00,15.0,329,24.87
2019-03-24,35.7,27.7,0.00,12.7,355,24.79
2019-03-25,36.3,28.9,0.00,14.3,1,24.34
2019-03-26,36.5,28.8,0.00,16.0,4,25.34
2019-03-27,36.8,28.5,0.00,16.3,320,25.55
2019-03-28,37.6,28.7,0.00,16.0,302,25.02
2019-03-29,38.0,29.4,0.00,19.4,294,24.99
2019-03-30,37.5,29.8,0.00,17.8,300,23.65
2019-03-31,36.3,28.9,0.00,19.0,279,24.60
2019-04-01,36.4,27.7,0.00,15.8,252,25.92
2019-04-02,37.4,27.5,0.00,18.4,254,25.89
2019-04-03,38.0,28.7,0.00,17.0,269,25.78
2019-04-04,38.9,29.4,0.00,22.3,292,25.08
2019-04-05,37.1,28.7,0.00,19.1,268,24.89
2019-04-06,36.9,28.8,0.00,19.1,289,25.17
2019-04-07,37.1,29.1,0.00,18.5,282,25.90
2019-04-08,38.1,29.1,0.00,20.3,284,25.83
2019-04-09,36.5,29.3,0.00,21.8,288,26.07
2019-04-10,38.1,29.1,0.00,18.9,290,25.78
2019-04-11,37.8,29.6,0.00,19.8,295,24.37
2019-04-12,38.0,29.6,0.00,17.9,292,24.69
2019-04-13,38.8,30.6,0.00,23.9,305,23.96
2019-04-14,39.3,30.5,0.00,20.4,299,22.38
2019-04-15,36.5,30.3,0.00,21.6,232,19.34
2019-04-16,33.1,27.5,1.10,17.6,244,20.44
2019-04-17,33.3,26.5,0.00,17.8,269,26.56
2019-04-18,34.1,25.8,0.00,20.1,300,26.45
2019-04-19,35.7,28.1,0.00,20.5,305,26.81
2019-04-20,36.9,28.1,0.00,19.4,262,27.08
2019-04-21,37.2,28.4,0.00,20.8,253,26.64
2019-04-22,37.8,28.9,0.00,17.3,259,26.82
2019-04-23,39.5,30.7,0.00,24.3,286,26.04
2019-04-24,39.7,30.8,0.00,24.7,301,24.06
2019-04-25,39.2,31.4,0.00,21.2,309,22.35
2019-04-26,41.4,33.1,0.00,21.4,332,23.52
2019-04-27,41.7,34.3,0.00,21.9,332,23.77
2019-04-28,41.5,34.1,0.00,22.7,322,26.33
2019-04-29,39.5,32.2,0.00,17.3,284,24.49
2019-04-30,38.5,31.2,0.00,22.1,279,26.85
2019-05-01,36.6,28.8,0.00,21.0,260,26.73
2019-05-02,35.7,27.6,0.00,17.5,269,27.21
2019-05-03,34.6,26.9,0.00,19.1,265,26.88
2019-05-04,34.3,27.0,0.00,18.1,259,24.21
2019-05-05,35.6,27.7,0.00,16.9,275,25.53
2019-05-06,37.5,28.9,0.00,21.1,291,25.72
2019-05-07,37.0,29.5,0.00,18.2,287,24.80
2019-05-08,35.1,28.0,0.00,16.9,271,24.88
2019-05-09,34.4,27.4,0.00,18.7,275,25.56
2019-05-10,35.0,27.3,0.00,19.4,273,25.91
2019-05-11,36.9,28.0,0.00,15.2,285,27.09
2019-05-12,37.8,28.7,0.00,17.2,279,26.48
2019-05-13,37.2,28.9,0.00,18.9,277,25.86
2019-05-14,36.8,28.7,0.00,17.8,266,26.35
2019-05-15,36.3,28.1,0.00,17.3,278,27.24
2019-05-16,36.3,28.1,0.00,17.7,287,27.03
2019-05-17,36.8,28.7,0.00,21.4,293,25.51
2019-05-18,36.9,29.9,0.00,17.9,301,25.38
2019-05-19,38.1,30.8,0.00,16.3,309,27.00
2019-05-20,39.2,31.2,0.00,18.9,302,25.75
2019-05-21,39.1,31.8,0.00,19.1,302,23.92
2019-05-22,38.1,30.8,0.00,17.1,282,25.59
2019-05-23,38.5,30.6,0.00,18.2,289,25.23
2019-05-24,37.7,29.8,0.00,19.1,282,27.03
2019-05-25,37.4,29.9,0.00,16.8,284,26.87
2019-05-26,36.7,29.1,0.00,17.1,272,26.82
2019-05-27,37.8,29.9,0.00,18.1,281,26.77
2019-05-28,38.3,30.2,0.00,19.8,289,27.07
2019-05-29,38.0,30.2,0.00,19.3,282,27.13
2019-05-30,37.4,29.9,0.00,18.2,278,26.30
2019-05-31,38.9,30.2,0.00,20.4,273,26.10
2019-06-01,36.9,29.3,0.00,19.1,258,26.18
2019-06-02,37.6,29.8,0.00,17.3,262,23.45
2019-06-03,35.5,29.1,0.20,20.8,256,21.88
2019-06-04,36.7,29.5,0.00,20.0,267,25.13
2019-06-05,37.7,29.9,0.00,17.4,280,22.46
2019-06-06,35.8,30.0,0.50,15.9,265,21.52
2019-06-07,37.3,30.1,0.00,17.7,275,25.33
2019-06-08,38.2,30.8,0.00,16.0,268,23.05
2019-06-09,38.7,30.6,0.30,21.3,264,23.30
2019-06-10,35.1,29.6,0.20,17.3,249,18.12
2019-06-11,37.1,29.4,6.00,18.2,241,21.39
2019-06-12,33.9,28.5,0.60,27.4,196,17.46
2019-06-13,31.2,26.7,2.30,29.4,207,20.63
2019-06-14,31.8,26.6,0.10,25.5,215,20.57
2019-06-15,29.2,25.7,1.30,29.1,220,17.77
2019-06-16,30.8,26.2,2.30,29.4,229,21.61
2019-06-17,29.6,25.8,0.90,28.6,229,18.83
2019-06-18,30.0,25.8,1.50,30.4,226,21.28
2019-06-19,29.2,25.7,6.50,22.1,237,15.46
2019-06-20,32.4,26.9,0.10,18.4,265,21.33
2019-06-21,32.5,27.0,0.60,18.4,270,22.95
2019-06-22,34.4,27.4,1.20,18.0,270,23.84
2019-06-23,30.4,25.3,24.30,14.7,271,7.51
2019-06-24,27.7,25.3,11.00,14.1,270,9.50
2019-06-25,30.1,25.8,10.90,15.0,262,20.04
2019-06-26,30.9,26.1,9.50,15.1,251,19.78
2019-06-27,29.9,25.6,9.40,16.8,243,19.29
2019-06-28,26.9,24.2,36.00,16.3,239,8.34
2019-06-29,24.9,23.5,31.20,22.3,260,6.78
2019-06-30,23.9,23.1,20.80,17.4,245,5.53
2019-07-01,24.0,22.9,44.50,15.5,250,4.57
2019-07-02,24.3,23.0,24.00,18.1,244,7.69
2019-07-03,24.9,23.4,9.60,22.7,244,8.78
2019-07-04,26.3,24.1,3.70,26.2,247,12.57
2019-07-05,27.6,24.0,12.90,29.2,245,13.85
2019-07-06,23.9,23.2,20.30,27.6,244,6.12
2019-07-07,24.1,23.2,27.50,23.4,245,4.93
2019-07-08,25.4,23.8,4.30,24.0,239,8.51
2019-07-09,26.2,24.3,3.90,29.2,235,16.24
2019-07-10,27.2,24.2,10.20,23.9,239,15.60
2019-07-11,25.8,23.8,4.40,28.7,241,10.75
2019-07-12,27.5,24.5,1.90,28.0,236,17.66
2019-07-13,26.9,24.3,3.10,24.6,234,18.82
2019-07-14,27.3,24.5,2.70,27.7,248,21.15
2019-07-15,27.7,24.8,0.90,26.0,250,21.04
2019-07-16,27.5,24.6,1.80,24.9,246,20.12
2019-07-17,27.9,24.9,0.70,20.7,255,20.10
2019-07-18,28.3,25.0,0.90,15.9,256,20.60
2019-07-19,29.8,25.4,1.80,15.4,269,19.97
2019-07-20,28.8,25.2,47.90,11.9,281,13.09
2019-07-21,29.6,25.2,34.00,9.5,261,17.82
2019-07-22,30.0,25.8,10.80,8.9,199,18.60
2019-07-23,29.1,25.6,2.50,13.5,221,17.33
2019-07-24,28.1,24.9,15.10,27.3,223,18.57
2019-07-25,26.2,24.1,34.70,26.4,253,12.03
2019-07-26,25.8,23.7,11.60,27.9,253,14.91
2019-07-27,24.8,23.1,12.60,30.7,258,9.65
2019-07-28,25.1,23.5,6.30,29.6,260,9.39
2019-07-29,24.1,23.0,25.60,26.6,258,6.83
2019-07-30,23.6,22.8,21.20,28.9,255,5.68
2019-07-31,23.8,22.9,26.70,27.4,254,6.38
2019-08-01,24.6,23.4,15.40,28.5,256,9.86
2019-08-02,25.9,23.6,9.50,32.8,254,13.79
2019-08-03,25.0,23.3,27.80,27.1,247,6.45
2019-08-04,23.9,23.0,163.40,28.3,252,3.42
2019-08-05,24.5,23.3,44.40,26.7,262,5.92
2019-08-06,26.6,23.9,9.60,28.6,255,14.10
2019-08-07,25.1,23.5,5.70,30.3,255,7.96
2019-08-08,23.6,23.2,15.50,31.0,257,5.31
2019-08-09,24.1,23.4,30.00,31.8,253,5.75
2019-08-10,26.1,23.6,15.20,31.0,234,16.72
2019-08-11,25.2,23.4,7.20,30.5,236,15.47
2019-08-12,27.3,24.2,1.70,21.9,245,18.77
2019-08-13,27.7,24.3,2.00,21.9,252,18.75
2019-08-14,25.9,23.9,2.10,21.6,253,9.17
2019-08-15,26.1,23.9,2.30,27.4,248,14.95
2019-08-16,26.1,23.9,3.60,27.1,245,19.24
2019-08-17,26.8,23.9,2.50,24.1,239,19.83
2019-08-18,27.0,24.1,1.40,21.8,246,19.52
2019-08-19,27.6,24.1,2.50,19.6,258,20.87
2019-08-20,27.9,24.3,2.20,19.8,276,19.07
2019-08-21,27.2,23.9,2.70,19.5,272,19.46
2019-08-22,26.7,24.0,1.70,18.4,272,19.74
2019-08-23,27.8,24.1,1.20,17.3,270,20.10
2019-08-24,26.9,23.8,2.80,16.3,254,16.21
2019-08-25,27.9,23.9,1.20,19.7,247,19.53
2019-08-26,26.8,23.7,1.40,20.9,257,15.17
2019-08-27,25.5,23.3,0.60,22.0,240,13.50
2019-08-28,27.7,24.0,0.80,21.4,233,18.63
2019-08-29,28.5,24.6,2.80,15.9,234,18.58
2019-08-30,28.1,24.4,7.30,18.4,239,16.37
2019-08-31,26.6,23.9,5.10,20.6,241,14.61
2019-09-01,27.1,23.8,3.60,24.1,234,14.22
2019-09-02,27.2,24.1,2.70,22.6,237,17.94
2019-09-03,26.5,24.0,3.80,19.0,241,14.12
2019-09-04,27.4,23.9,10.30,26.6,236,11.90
2019-09-05,26.7,24.0,1.90,20.8,233,14.12
2019-09-06,26.8,24.1,2.40,24.6,237,13.44
2019-09-07,26.3,24.0,3.30,26.1,232,12.33
2019-09-08,25.9,23.7,4.20,27.0,233,8.04
2019-09-09,26.0,23.7,9.50,22.6,242,9.24
2019-09-10,26.1,23.8,5.80,25.4,239,11.91
2019-09-11,26.8,23.9,1.80,24.2,249,16.11
2019-09-12,24.6,23.0,6.70,21.3,251,7.18
2019-09-13,25.5,23.0,3.40,25.1,252,10.69
2019-09-14,25.3,23.3,3.10,24.4,257,11.12
2019-09-15,27.1,24.0,3.90,19.6,262,17.93
2019-09-16,26.6,23.9,0.60,23.1,276,16.26
2019-09-17,24.7,23.1,14.20,15.5,274,7.61
2019-09-18,27.2,23.8,6.80,14.0,294,10.60
2019-09-19,28.5,24.1,24.60,17.4,88,13.38
2019-09-20,27.6,23.9,5.70,17.3,192,15.53
2019-09-21,28.8,24.1,5.10,16.1,167,16.69
2019-09-22,28.9,24.4,1.00,16.9,223,19.80
2019-09-23,29.3,24.2,10.50,14.5,286,18.63
2019-09-24,28.2,24.2,8.80,14.5,326,16.13
2019-09-25,27.6,24.0,10.40,11.0,60,14.06
2019-09-26,27.7,23.9,27.60,14.9,115,12.38
2019-09-27,26.3,23.3,46.90,20.0,221,13.66
2019-09-28,27.4,23.7,0.70,19.7,224,17.13
2019-09-29,27.5,23.8,0.80,20.2,223,18.96
2019-09-30,26.5,23.5,1.70,21.4,226,16.15
2019-10-01,26.7,23.6,1.40,19.7,253,17.31
2019-10-02,28.1,23.9,0.40,14.5,275,16.90
2019-10-03,28.1,24.1,1.00,9.9,291,18.32
2019-10-04,28.8,23.8,9.80,8.6,312,16.79
2019-10-05,29.2,23.5,4.10,9.2,316,18.61
2019-10-06,28.1,23.3,11.00,11.9,334,16.02
2019-10-07,29.0,24.0,2.10,7.3,26,17.42
2019-10-08,29.2,23.9,12.50,10.1,38,18.39
2019-10-09,29.3,24.4,4.10,10.1,61,19.13
2019-10-10,28.9,24.6,0.20,12.0,65,19.65
2019-10-11,28.6,24.5,0.40,10.7,74,18.43
2019-10-12,29.0,24.7,0.50,12.0,71,19.09
2019-10-13,29.5,25.0,0.10,11.7,69,18.40
2019-10-14,30.2,25.1,0.00,12.0,67,21.51
2019-10-15,29.9,24.2,0.00,15.5,78,21.79
2019-10-16,29.8,24.1,0.00,14.8,62,20.22
2019-10-17,29.5,23.8,0.00,13.0,74,19.94
2019-10-18,28.9,23.4,2.90,16.5,84,16.93
2019-10-19,25.5,23.0,14.90,18.3,93,6.06
2019-10-20,22.4,21.6,20.10,15.5,69,4.17
2019-10-21,26.3,22.4,17.30,15.2,79,8.63
2019-10-22,26.9,22.9,10.20,14.4,93,10.37
2019-10-23,25.8,22.7,12.30,12.3,91,8.19
2019-10-24,23.7,22.1,4.70,18.0,80,5.49
2019-10-25,24.5,22.1,9.20,22.4,80,6.36
2019-10-26,24.9,22.4,9.20,24.1,91,7.02
2019-10-27,27.3,23.4,0.80,20.3,107,12.80
2019-10-28,28.7,23.5,6.10,15.4,112,16.05
2019-10-29,28.5,23.4,4.60,15.6,99,16.24
2019-10-30,28.9,23.9,3.10,13.5,84,17.34
2019-10-31,28.2,23.9,0.10,17.9,91,16.98
2019-11-01,27.9,24.0,3.40,22.9,102,12.34
2019-11-02,28.0,23.6,0.10,10.5,91,15.54
2019-11-03,27.5,23.0,1.00,6.0,303,16.20
2019-11-04,28.7,23.6,0.10,8.7,329,17.73
2019-11-05,28.6,23.6,0.00,8.9,339,17.96
2019-11-06,28.3,23.8,0.30,8.7,298,17.91
2019-11-07,27.3,23.2,0.40,16.1,225,15.98
2019-11-08,27.4,22.4,0.00,17.1,196,16.30
2019-11-09,28.4,23.0,0.00,12.8,212,18.15
2019-11-10,28.6,22.8,0.00,10.2,53,18.28
2019-11-11,28.9,23.3,0.10,9.5,75,17.96
2019-11-12,28.5,22.9,0.10,12.3,79,16.41
2019-11-13,27.5,22.8,0.10,13.7,89,15.83
2019-11-14,27.4,21.8,0.00,14.3,94,18.69
2019-11-15,26.5,21.7,0.40,11.2,79,14.32
2019-11-16,28.5,23.2,0.00,10.3,73,15.88
2019-11-17,28.5,23.6,0.10,10.4,63,16.64
2019-11-18,28.9,22.5,0.00,13.7,67,17.97
2019-11-19,29.4,22.0,0.00,10.2,69,17.77
2019-11-20,29.4,22.7,0.00,12.4,86,16.27
2019-11-21,29.5,23.3,0.00,15.1,87,16.65
2019-11-22,29.5,23.4,0.00,10.5,74,16.43
2019-11-23,29.1,22.9,0.00,11.5,65,17.33
2019-11-24,29.1,22.8,0.00,11.6,79,17.77
2019-11-25,29.1,22.6,0.00,13.2,86,17.95
2019-11-26,29.4,22.7,0.00,12.0,103,17.67
2019-11-27,29.3,23.0,0.00,12.9,100,17.71
2019-11-28,29.4,22.7,0.00,10.6,78,17.18
2019-11-29,28.5,23.2,0.00,9.4,57,14.95
2019-11-30,28.0,23.1,0.00,13.9,83,13.05
2019-12-01,28.9,23.3,0.50,9.1,44,13.78
2019-12-02,28.7,23.2,0.30,15.1,85,15.02
2019-12-03,28.3,23.2,0.00,18.8,97,15.60
2019-12-04,28.6,23.5,0.40,22.7,100,13.92
2019-12-05,28.1,24.1,0.00,14.8,88,9.96
2019-12-06,28.2,23.1,0.00,12.7,67,15.45
2019-12-07,27.3,21.5,0.00,12.9,83,16.83
2019-12-08,27.9,21.3,0.00,12.1,75,16.82
2019-12-09,28.6,22.2,0.00,10.1,73,16.19
2019-12-10,28.4,23.2,0.00,10.5,58,15.61
2019-12-11,28.9,22.9,0.00,11.8,282,15.09
2019-12-12,28.1,22.3,0.30,17.2,244,15.22
2019-12-13,26.9,20.6,0.00,13.0,285,15.81
2019-12-14,27.4,20.3,0.00,15.8,351,16.45
2019-12-15,27.9,20.9,0.00,11.3,33,14.95
2019-12-16,25.9,20.8,0.30,14.1,72,11.46
2019-12-17,25.9,20.5,0.00,16.7,85,12.39
2019-12-18,27.3,20.8,0.00,10.5,79,15.30
2019-12-19,27.5,21.0,0.00,9.9,74,16.80
2019-12-20,28.1,21.2,0.00,9.9,84,16.95
2019-12-21,28.1,21.8,0.00,10.8,63,14.98
2019-12-22,27.8,21.7,0.00,14.1,97,14.25
2019-12-23,27.9,22.6,0.50,9.4,94,14.35
2019-12-24,28.4,22.5,0.50,15.5,219,13.63
2019-12-25,27.4,22.5,0.10,11.5,14,9.48
2019-12-26,28.0,22.6,0.10,13.8,323,14.94
2019-12-27,25.4,19.4,0.00,15.3,76,17.13
2019-12-28,25.5,18.6,0.00,15.7,89,17.14
2019-12-29,24.8,19.1,0.00,13.4,81,11.00
2019-12-30,25.8,20.2,0.00,16.0,84,14.89
2019-12-31,25.9,19.0,0.00,13.1,291,17.54
2020-01-01,25.7,17.5,0.00,15.9,259,17.46
2020-01-02,26.8,18.2,0.00,15.4,273,16.85
2020-01-03,24.7,18.4,0.00,12.1,359,14.99
2020-01-04,23.2,17.4,0.00,13.5,51,14.48
2020-01-05,24.5,18.1,0.00,17.0,84,17.33
2020-01-06,27.4,19.8,0.00,14.8,86,17.09
2020-01-07,28.5,21.2,0.00,15.2,122,15.69
2020-01-08,26.2,21.3,0.00,18.1,271,16.50
2020-01-09,24.6,18.2,0.00,12.7,45,17.81
2020-01-10,25.3,18.1,0.00,16.8,87,17.60
2020-01-11,27.3,19.6,0.00,13.0,82,17.30
2020-01-12,27.9,21.0,0.00,9.5,74,17.49
2020-01-13,27.6,20.7,0.00,16.4,261,15.70
2020-01-14,26.3,20.3,0.00,14.1,281,14.30
2020-01-15,26.1,18.9,0.00,17.0,294,15.41
2020-01-16,22.0,16.7,0.00,15.1,293,18.50
2020-01-17,22.7,15.3,0.00,13.5,338,18.95
2020-01-18,25.2,16.7,0.00,11.3,55,18.46
2020-01-19,26.8,18.8,0.00,10.8,65,18.12
2020-01-20,28.6,20.1,0.00,11.3,98,18.07
2020-01-21,29.0,21.7,0.00,13.4,255,18.15
2020-01-22,28.7,21.6,0.00,15.9,331,16.63
2020-01-23,28.9,22.1,0.00,12.6,48,17.71
2020-01-24,28.8,21.8,0.00,9.4,81,18.63
2020-01-25,29.1,22.3,0.00,15.0,16,16.79
2020-01-26,30.3,22.6,0.00,12.7,66,17.97
2020-01-27,29.1,22.6,0.00,20.1,252,18.79
2020-01-28,24.4,18.9,0.20,21.5,261,14.81
2020-01-29,23.6,18.6,0.00,10.7,292,17.82
2020-01-30,25.3,17.1,0.00,9.8,13,19.83
2020-01-31,27.2,18.7,0.00,13.5,23,19.51
2020-02-01,27.2,19.5,0.00,13.3,47,19.40
2020-02-02,28.9,20.9,0.00,16.8,85,19.14
2020-02-03,29.3,20.5,0.00,16.4,256,19.58
2020-02-04,28.0,20.9,0.00,13.0,291,19.07
2020-02-05,29.0,20.3,0.00,16.3,337,19.33
2020-02-06,28.6,20.9,0.00,16.1,295,20.55
2020-02-07,26.8,19.5,0.00,16.1,323,20.73
2020-02-08,26.9,20.2,0.00,17.4,51,20.57
2020-02-09,27.2,20.5,0.00,20.1,84,20.30
2020-02-10,28.2,21.5,0.00,16.9,91,16.35
2020-02-11,28.3,22.5,0.00,17.4,88,14.74
2020-02-12,29.2,23.7,0.00,15.0,81,14.19
2020-02-13,30.6,24.3,0.00,16.2,53,19.88
2020-02-14,30.4,24.1,0.00,16.3,344,21.15
2020-02-15,31.1,23.4,0.00,19.4,323,21.27
2020-02-16,31.9,24.2,0.00,15.2,57,20.96
2020-02-17,32.2,25.1,0.00,15.7,59,21.20
2020-02-18,32.7,25.3,0.00,13.7,61,21.56
2020-02-19,33.2,25.7,0.00,16.2,282,21.79
2020-02-20,32.8,25.2,0.00,15.1,263,21.78
2020-02-21,32.5,25.0,0.00,14.6,264,21.66
2020-02-22,32.4,24.5,0.00,16.8,1,21.87
2020-02-23,34.0,25.7,0.00,15.9,293,21.82
2020-02-24,33.1,24.4,0.00,16.1,329,22.43
2020-02-25,30.3,23.3,0.00,15.8,46,23.01
2020-02-26,30.9,22.8,0.00,19.1,82,23.08
2020-02-27,31.3,23.1,0.00,15.6,88,22.92
2020-02-28,32.9,24.2,0.00,15.3,15,22.77
2020-02-29,32.9,24.5,0.00,17.3,245,22.72
2020-03-01,32.0,24.3,0.00,16.0,258,21.14
2020-03-02,32.2,24.2,0.00,17.0,249,23.49
2020-03-03,30.4,23.2,0.00,18.4,257,23.45
2020-03-04,29.0,21.8,0.00,15.3,279,22.51
2020-03-05,30.1,21.8,0.00,19.8,256,23.50
2020-03-06,27.2,21.3,0.00,25.8,247,19.48
2020-03-07,28.8,21.3,0.00,13.5,269,22.62
2020-03-08,31.4,22.3,0.00,14.8,291,23.59
2020-03-09,31.8,24.3,0.00,15.8,272,23.11
2020-03-10,29.0,22.6,0.00,24.2,253,19.03
2020-03-11,28.5,21.7,0.00,18.8,265,23.67
2020-03-12,28.1,20.8,0.00,17.2,270,22.69
2020-03-13,29.5,20.9,0.00,18.0,305,25.00
2020-03-14,30.8,21.9,0.00,17.8,4,25.32
2020-03-15,32.1,23.3,0.00,16.6,76,24.09
2020-03-16,33.5,25.5,0.00,16.8,77,22.63
2020-03-17,34.7,26.7,0.00,20.4,315,21.50
2020-03-18,35.9,27.4,0.00,18.6,287,22.22
2020-03-19,34.2,26.7,0.00,16.9,276,25.52
2020-03-20,31.6,24.6,0.00,23.1,260,24.84
2020-03-21,32.1,24.4,0.00,15.9,292,24.69
2020-03-22,33.6,25.7,0.00,15.8,313,21.74
2020-03-23,35.2,27.7,0.00,18.2,328,24.39
2020-03-24,34.9,28.8,0.00,17.7,348,20.71
2020-03-25,35.2,28.8,0.00,17.0,22,19.76
2020-03-26,32.6,26.4,0.80,16.6,124,19.22
2020-03-27,32.9,27.0,0.10,14.3,300,19.63
2020-03-28,33.3,27.0,0.00,16.0,350,19.67
2020-03-29,34.9,27.7,0.00,11.9,332,21.86
2020-03-30,35.6,28.5,0.00,16.1,281,22.05
2020-03-31,36.6,28.4,0.00,16.0,265,25.45
2020-04-01,36.7,28.4,0.00,17.3,279,25.77
2020-04-02,36.9,28.6,0.00,20.7,324,25.60
2020-04-03,36.8,29.7,0.00,17.0,306,23.17
2020-04-04,37.8,29.9,0.00,17.2,296,25.86
2020-04-05,37.8,29.1,0.00,17.1,278,25.92
2020-04-06,36.0,28.1,0.00,15.8,283,24.72
2020-04-07,35.5,27.8,0.00,17.7,271,25.45
2020-04-08,34.0,26.6,0.00,15.6,275,26.08
2020-04-09,35.2,26.7,0.00,20.9,290,25.37
2020-04-10,37.0,28.7,0.00,20.4,310,22.60
2020-04-11,38.1,30.2,0.00,20.9,318,25.22
2020-04-12,39.0,31.6,0.00,19.1,335,25.48
2020-04-13,39.2,30.8,0.00,15.6,325,23.49
2020-04-14,39.3,31.0,0.00,19.4,321,24.26
2020-04-15,38.9,31.3,0.00,16.1,332,20.08
2020-04-16,38.1,30.6,0.00,21.3,282,22.20
2020-04-17,37.3,30.2,0.00,17.6,286,23.27
2020-04-18,37.8,31.0,0.00,17.0,310,22.51
2020-04-19,37.4,30.8,0.00,17.3,306,22.37
2020-04-20,37.8,30.4,0.00,18.7,301,25.96
2020-04-21,37.3,30.3,0.00,21.6,289,27.12
2020-04-22,37.3,29.5,0.00,18.7,297,24.38
2020-04-23,37.2,30.3,0.00,16.4,286,25.91
2020-04-24,37.0,29.8,0.00,18.7,286,26.24
2020-04-25,35.0,28.3,0.00,22.5,276,26.44
2020-04-26,36.5,28.1,0.00,25.8,281,25.97
2020-04-27,36.1,28.4,0.00,18.8,285,24.79
2020-04-28,37.2,29.7,0.00,14.6,349,22.92
2020-04-29,38.4,31.2,0.00,23.2,316,22.19
2020-04-30,36.5,30.1,0.00,17.1,270,22.31
2020-05-01,36.6,30.1,0.00,22.2,283,21.88
2020-05-02,37.8,30.3,0.00,17.9,291,23.79
2020-05-03,38.3,30.5,0.00,21.0,296,27.06
2020-05-04,38.2,30.2,0.00,19.6,288,26.06
2020-05-05,37.9,30.5,0.00,17.3,296,24.16
2020-05-06,38.5,31.4,0.00,18.8,294,24.46
2020-05-07,38.9,31.0,0.00,21.3,287,27.07
2020-05-08,38.5,30.1,0.00,19.6,271,26.62
2020-05-09,38.3,29.9,0.00,19.8,285,25.73
2020-05-10,38.4,30.7,0.00,19.1,287,23.08
2020-05-11,37.5,30.3,0.00,19.5,259,23.44
2020-05-12,38.6,30.2,0.00,19.1,275,26.92
2020-05-13,38.1,30.0,0.00,18.9,282,23.21
2020-05-14,38.2,30.8,0.00,20.3,284,22.42
2020-05-15,36.4,31.1,0.00,19.1,291,17.02
2020-05-16,37.1,30.9,0.00,18.2,297,19.75
2020-05-17,37.3,30.5,0.10,18.4,284,22.54
2020-05-18,36.7,30.7,0.00,19.5,299,22.16
2020-05-19,35.2,29.2,0.00,17.5,284,22.90
2020-05-20,36.1,29.2,0.00,18.4,278,23.93
2020-05-21,37.6,29.6,0.00,18.5,276,25.21
2020-05-22,37.3,29.6,0.00,18.4,275,25.60
2020-05-23,38.9,31.1,0.00,21.1,297,27.24
2020-05-24,39.4,31.0,0.00,17.4,291,27.04
2020-05-25,39.0,31.2,0.00,18.1,287,25.57
2020-05-26,38.1,31.1,0.00,20.4,274,26.60
2020-05-27,36.9,29.4,0.00,21.1,266,26.86
2020-05-28,36.5,28.9,0.00,22.5,262,26.81
2020-05-29,36.7,29.2,0.00,20.6,261,25.82
2020-05-30,36.1,29.2,0.00,19.4,269,24.80
2020-05-31,37.7,29.6,0.00,18.9,280,24.74
2020-06-01,33.6,28.8,0.00,13.8,228,16.09
2020-06-02,29.4,26.1,2.80,15.6,87,9.36
2020-06-03,23.3,22.5,85.60,43.3,69,3.76
2020-06-04,27.9,24.3,29.30,33.1,278,18.59
2020-06-05,29.0,24.7,4.50,17.6,236,19.90
2020-06-06,28.7,24.6,1.50,24.1,233,19.44
2020-06-07,28.3,25.0,0.30,19.5,235,19.00
2020-06-08,28.1,24.5,1.00,21.3,236,11.12
2020-06-09,28.9,25.3,4.80,17.9,244,19.39
2020-06-10,29.8,25.6,10.50,18.4,258,20.31
2020-06-11,29.6,25.8,2.30,15.3,262,20.09
2020-06-12,29.8,25.5,3.60,12.0,265,14.14
2020-06-13,30.1,25.4,48.30,9.8,258,14.67
2020-06-14,28.4,24.8,42.60,10.7,265,11.34
2020-06-15,28.9,25.0,20.20,15.1,245,14.99
2020-06-16,28.5,25.4,8.50,12.1,250,13.95
2020-06-17,29.9,25.3,3.10,15.5,227,18.67
2020-06-18,26.7,24.4,4.40,26.0,227,10.94
2020-06-19,27.6,25.0,0.50,20.6,236,14.32
2020-06-20,28.5,25.5,1.10,22.2,242,21.05
2020-06-21,28.2,25.3,1.40,22.9,241,20.43
2020-06-22,28.6,25.2,0.70,20.2,240,20.16
2020-06-23,28.6,25.0,1.70,20.4,228,16.75
2020-06-24,29.4,25.5,3.40,15.6,230,19.24
2020-06-25,31.2,26.2,1.50,16.1,237,21.32
2020-06-26,31.6,25.8,29.10,13.2,232,18.84
2020-06-27,30.6,25.6,12.60,12.6,261,19.41
2020-06-28,30.3,26.0,1.80,16.7,244,19.90
2020-06-29,27.9,24.7,11.40,14.4,226,8.38
2020-06-30,27.6,24.5,8.70,9.7,176,10.61
2020-07-01,29.0,25.1,1.50,16.0,230,15.15
2020-07-02,28.7,25.2,1.20,19.1,236,18.99
2020-07-03,29.6,25.5,12.10,17.8,238,18.92
2020-07-04,28.8,24.9,51.60,17.7,230,14.13
2020-07-05,24.8,23.5,28.50,24.7,234,7.49
2020-07-06,25.5,23.8,15.20,31.3,222,13.17
2020-07-07,27.1,24.4,11.50,27.9,221,14.88
2020-07-08,27.8,24.7,4.80,25.5,221,17.31
2020-07-09,27.3,24.5,2.30,23.6,229,15.66
2020-07-10,27.8,24.5,0.90,24.1,232,15.27
2020-07-11,27.1,24.5,2.20,26.2,233,19.66
2020-07-12,27.0,24.4,2.60,23.2,238,17.60
2020-07-13,27.2,24.3,17.70,18.2,236,16.21
2020-07-14,27.4,24.5,9.90,18.4,239,14.25
2020-07-15,25.6,23.9,14.00,12.7,253,7.52
2020-07-16,26.1,23.8,4.20,23.8,223,12.62
2020-07-17,28.0,24.3,4.50,19.6,202,17.00
2020-07-18,28.4,24.7,1.70,24.7,214,18.74
2020-07-19,28.5,24.9,3.10,18.8,240,18.35
2020-07-20,28.8,24.9,1.70,18.4,244,17.40
2020-07-21,28.1,24.7,1.60,17.5,229,15.41
2020-07-22,28.8,24.8,7.30,14.6,246,15.87
2020-07-23,27.3,24.6,10.20,13.0,240,11.42
2020-07-24,27.3,24.2,12.70,14.3,249,11.38
2020-07-25,27.7,23.9,10.50,16.0,229,14.93
2020-07-26,29.3,24.3,6.60,12.6,181,17.95
2020-07-27,28.1,24.3,5.20,20.1,238,20.32
2020-07-28,27.6,24.5,5.20,17.3,263,17.04
2020-07-29,28.1,24.5,6.50,12.6,264,13.57
2020-07-30,28.9,24.7,9.20,15.9,234,18.73
2020-07-31,29.2,24.9,8.70,12.1,229,18.76
2020-08-01,30.0,25.3,1.70,10.7,214,19.20
2020-08-02,30.5,25.5,5.10,12.2,221,20.28
2020-08-03,26.8,24.3,8.00,21.1,222,13.79
2020-08-04,26.0,24.2,18.30,29.5,209,10.96
2020-08-05,25.6,24.0,111.70,25.4,251,6.89
2020-08-06,27.3,24.3,56.00,39.8,214,12.64
2020-08-07,26.6,24.4,43.10,32.4,228,16.97
2020-08-08,26.9,24.2,6.20,29.5,237,18.95
2020-08-09,25.7,23.7,4.50,25.8,248,10.71
2020-08-10,24.4,23.4,3.70,17.6,245,5.12
2020-08-11,25.4,23.4,6.00,27.0,242,10.04
2020-08-12,24.0,23.1,23.20,28.7,244,6.30
2020-08-13,24.8,23.3,14.10,30.1,250,11.29
2020-08-14,24.3,22.9,17.60,30.1,243,8.19
2020-08-15,25.6,23.3,16.50,26.3,243,11.35
2020-08-16,25.1,23.4,14.00,26.0,252,8.83
2020-08-17,24.4,23.2,20.50,25.9,247,7.15
2020-08-18,24.8,23.2,6.80,24.3,245,9.43
2020-08-19,25.1,23.2,7.40,22.2,249,6.94
2020-08-20,25.5,23.2,13.20,23.9,251,9.61
2020-08-21,25.5,23.3,17.50,23.4,244,10.78
2020-08-22,24.8,23.4,5.20,25.0,241,7.28
2020-08-23,24.9,23.4,5.30,32.0,237,15.52
2020-08-24,26.9,23.8,8.20,32.8,234,20.58
2020-08-25,26.7,23.8,3.40,28.3,236,21.21
2020-08-26,28.0,24.2,0.40,20.9,239,20.11
2020-08-27,25.2,23.3,1.20,20.1,241,11.04
2020-08-28,24.1,22.9,10.10,19.4,241,6.68
2020-08-29,24.7,22.9,19.60,25.9,240,7.88
2020-08-30,24.1,22.6,18.20,27.8,229,7.25
2020-08-31,26.1,23.4,5.00,27.2,230,19.04
2020-09-01,27.6,24.1,2.80,16.4,252,19.79
2020-09-02,29.5,24.6,0.50,11.2,293,19.19
2020-09-03,28.7,24.9,2.00,10.1,308,19.35
2020-09-04,30.5,25.5,3.90,12.4,83,21.94
2020-09-05,30.4,25.3,10.30,13.2,91,20.35
2020-09-06,28.9,25.0,21.60,12.5,11,14.72
2020-09-07,29.6,25.3,4.80,14.9,261,18.87
2020-09-08,29.0,25.2,3.90,12.6,286,17.36
2020-09-09,29.3,25.3,10.20,10.6,3,19.77
2020-09-10,29.9,25.1,13.40,10.1,339,16.84
2020-09-11,27.3,24.5,25.40,8.9,76,10.65
2020-09-12,28.5,24.6,7.10,16.0,135,16.79
2020-09-13,27.1,23.7,1.10,21.7,228,15.48
2020-09-14,27.9,24.1,9.50,14.4,253,15.98
2020-09-15,27.8,24.1,8.00,10.2,270,15.05
2020-09-16,27.4,23.9,6.80,13.2,286,13.32
2020-09-17,27.4,24.0,11.60,15.6,288,13.71
2020-09-18,27.5,24.0,10.70,12.7,272,13.04
2020-09-19,28.1,24.1,7.20,17.1,296,13.83
2020-09-20,28.5,24.4,12.60,8.7,317,11.07
2020-09-21,28.4,24.9,12.00,10.6,309,11.46
2020-09-22,28.8,24.6,20.70,13.4,301,11.08
2020-09-23,24.8,23.3,126.00,14.3,260,3.31
2020-09-24,29.1,24.8,8.90,13.2,249,17.43
2020-09-25,26.7,24.0,25.60,15.2,249,12.61
2020-09-26,27.5,23.8,7.60,18.9,258,18.14
2020-09-27,27.1,23.3,1.10,13.6,272,18.11
2020-09-28,27.7,23.1,0.40,13.7,277,19.52
2020-09-29,28.2,23.7,0.60,10.7,292,20.65
2020-09-30,28.1,23.9,1.10,12.7,298,19.62
2020-10-01,28.5,24.0,0.40,12.9,290,20.34
2020-10-02,29.1,23.9,1.40,16.3,302,18.87
2020-10-03,29.8,24.7,0.60,11.8,302,19.56
2020-10-04,29.6,24.7,0.20,15.0,288,17.85
2020-10-05,29.1,24.4,0.00,14.1,305,20.69
2020-10-06,30.2,24.6,0.00,11.5,336,19.81
2020-10-07,30.8,25.5,0.00,13.8,328,17.13
2020-10-08,30.6,25.7,0.00,11.0,16,18.35
2020-10-09,30.2,25.3,2.10,12.1,63,18.30
2020-10-10,30.6,25.5,5.40,15.7,38,16.96
2020-10-11,30.4,25.7,1.30,8.6,301,12.06
2020-10-12,30.7,25.6,2.00,13.8,34,16.39
2020-10-13,30.8,25.9,2.40,12.4,33,18.15
2020-10-14,30.3,25.9,3.50,10.2,360,11.16
2020-10-15,28.1,25.2,6.20,23.7,52,13.43
2020-10-16,28.7,24.8,1.70,26.2,100,14.88
2020-10-17,29.5,25.0,1.30,9.6,113,18.64
2020-10-18,28.5,24.2,13.20,13.2,288,14.48
2020-10-19,29.0,24.1,4.10,10.3,332,16.99
2020-10-20,29.5,25.0,1.10,10.0,335,17.32
2020-10-21,29.5,24.5,7.80,10.9,26,16.46
2020-10-22,28.9,24.5,3.90,10.3,3,15.34
2020-10-23,28.9,23.9,2.10,8.1,42,17.31
2020-10-24,29.7,24.6,0.00,8.0,358,19.05
2020-10-25,28.3,23.3,0.00,10.4,59,18.19
2020-10-26,29.3,23.5,0.00,10.5,53,20.71
2020-10-27,29.3,23.6,0.00,7.9,52,20.34
2020-10-28,29.2,23.7,0.00,8.9,61,19.50
2020-10-29,29.6,23.9,0.00,9.0,68,19.94
2020-10-30,29.3,23.4,0.00,9.5,15,20.28
2020-10-31,29.2,23.7,0.00,9.4,50,18.75
2020-11-01,29.0,23.3,0.40,8.0,55,17.41
2020-11-02,29.3,24.1,0.30,12.6,75,16.19
2020-11-03,30.0,24.0,0.00,12.0,65,19.55
2020-11-04,30.1,23.7,0.00,9.4,45,17.75
2020-11-05,29.5,22.7,0.00,9.3,61,20.15
2020-11-06,29.0,22.5,0.00,13.7,64,20.12
2020-11-07,29.4,21.8,0.00,13.0,65,20.11
2020-11-08,29.3,22.0,0.00,14.4,69,19.73
2020-11-09,28.6,21.4,0.00,10.9,66,20.06
2020-11-10,28.1,20.6,0.00,16.5,77,20.04
2020-11-11,27.6,20.0,0.00,17.9,73,19.99
2020-11-12,28.3,19.9,0.00,13.8,71,19.89
2020-11-13,30.3,21.8,0.00,15.8,76,17.88
2020-11-14,30.7,23.9,0.10,14.5,83,16.35
2020-11-15,30.4,24.8,0.00,12.2,39,15.06
2020-11-16,31.0,24.5,0.00,11.0,51,18.54
2020-11-17,30.7,24.8,0.00,11.2,78,15.78
2020-11-18,29.8,24.8,0.00,11.7,222,14.39
2020-11-19,29.1,23.9,1.90,13.4,328,13.26
2020-11-20,29.6,23.8,0.90,11.3,346,15.15
2020-11-21,30.1,23.1,0.00,8.7,35,17.80
2020-11-22,30.4,23.3,0.00,13.9,64,17.71
2020-11-23,30.0,23.0,0.00,15.3,347,18.11
2020-11-24,28.9,23.5,0.00,11.9,91,14.78
2020-11-25,28.3,23.1,0.00,13.2,79,14.97
2020-11-26,28.5,22.1,0.00,13.3,55,18.26
2020-11-27,27.2,21.1,0.00,23.9,66,17.99
2020-11-28,27.9,22.1,0.00,25.5,70,15.99
2020-11-29,29.4,24.0,0.00,16.1,90,16.10
2020-11-30,29.8,23.5,0.20,8.6,58,16.29
2020-12-01,29.9,24.0,0.00,8.3,60,16.48
2020-12-02,29.4,23.5,0.00,11.5,63,17.55
2020-12-03,29.4,21.9,0.00,11.5,74,17.73
2020-12-04,28.9,21.3,0.00,13.7,78,17.89
2020-12-05,28.8,20.8,0.00,11.9,79,17.99
2020-12-06,28.2,20.5,0.00,16.7,81,18.04
2020-12-07,28.5,19.9,0.00,14.3,77,17.85
2020-12-08,29.4,20.7,0.00,13.2,79,17.71
2020-12-09,29.2,21.7,0.00,10.5,79,17.22
2020-12-10,29.2,23.4,0.00,9.8,94,14.79
2020-12-11,26.9,22.5,0.50,12.5,270,8.18
2020-12-12,25.5,21.1,0.50,14.6,53,9.12
2020-12-13,25.6,20.5,0.10,7.6,52,9.18
2020-12-14,23.6,20.5,6.10,8.5,69,7.86
2020-12-15,27.1,21.0,0.10,12.2,341,13.46
2020-12-16,27.2,21.1,0.00,11.4,45,13.61
2020-12-17,26.9,21.0,0.00,11.9,71,15.63
2020-12-18,27.1,20.8,0.00,12.3,78,16.49
2020-12-19,26.7,20.1,0.00,13.1,75,17.08
2020-12-20,26.5,19.3,0.00,15.6,87,17.56
2020-12-21,25.8,18.2,0.00,13.3,81,17.94
2020-12-22,26.3,17.9,0.00,11.4,78,17.93
2020-12-23,26.5,18.5,0.00,9.7,57,17.71
2020-12-24,27.2,18.8,0.00,11.5,69,17.64
2020-12-25,27.7,19.8,0.00,15.0,83,17.31
2020-12-26,28.8,21.1,0.00,9.5,72,17.13
2020-12-27,29.3,21.2,0.00,14.7,328,16.97
2020-12-28,27.7,19.3,0.00,17.3,328,17.37
2020-12-29,27.4,19.1,0.00,12.2,61,17.29
2020-12-30,27.6,19.5,0.00,10.8,60,17.33
2020-12-31,28.2,20.6,0.00,14.7,90,16.98
2021-01-01,28.4,22.0,0.00,11.7,107,13.95
2021-01-02,28.1,22.2,0.60,8.5,202,14.33
2021-01-03,28.4,21.7,0.00,15.7,134,16.70
2021-01-04,26.4,21.1,1.40,13.5,104,11.07
2021-01-05,26.0,21.4,0.80,13.9,120,11.96
2021-01-06,26.9,21.5,0.80,10.7,74,14.13
2021-01-07,26.8,21.5,2.00,14.3,89,12.76
2021-01-08,26.5,22.0,2.70,9.1,102,10.58
2021-01-09,27.2,22.5,3.40,11.2,89,14.02
2021-01-10,28.8,22.7,1.20,13.0,80,15.84
2021-01-11,28.9,22.9,0.00,11.2,68,17.10
2021-01-12,29.3,22.8,0.00,9.9,56,16.56
2021-01-13,28.7,22.2,0.00,11.5,39,17.45
2021-01-14,29.4,21.0,0.00,16.1,25,18.00
2021-01-15,29.3,21.8,0.00,14.3,260,17.62
2021-01-16,29.6,22.1,0.00,12.9,212,17.71
2021-01-17,30.1,22.7,0.00,9.4,248,15.81
2021-01-18,30.1,23.5,0.00,13.6,279,15.13
2021-01-19,30.4,23.1,0.00,13.8,294,17.61
2021-01-20,29.8,22.1,0.00,13.3,292,18.82
2021-01-21,29.4,20.3,0.00,11.9,300,19.12
2021-01-22,29.4,20.9,0.00,8.5,17,19.01
2021-01-23,30.7,22.0,0.00,13.3,306,19.11
2021-01-24,29.9,21.3,0.00,13.6,292,19.31
2021-01-25,30.0,19.9,0.00,13.6,311,19.60
2021-01-26,29.5,20.3,0.00,15.1,298,19.35
2021-01-27,29.0,19.9,0.00,11.6,50,19.39
2021-01-28,29.4,20.3,0.00,14.4,348,19.62
2021-01-29,27.6,19.4,0.00,13.8,55,19.58
2021-01-30,27.7,19.8,0.00,11.9,70,19.77
2021-01-31,28.1,20.3,0.00,11.3,52,19.35
2021-02-01,28.6,21.1,0.00,12.9,61,19.34
2021-02-02,28.9,20.8,0.00,11.5,71,20.25
2021-02-03,28.6,21.1,0.00,13.5,102,18.60
2021-02-04,28.5,21.4,0.00,17.8,294,19.54
2021-02-05,27.8,20.8,0.00,14.6,332,19.56
2021-02-06,26.8,19.4,0.00,15.6,47,20.78
2021-02-07,27.3,19.1,0.00,14.5,73,21.15
2021-02-08,28.2,19.2,0.00,14.2,72,21.49
2021-02-09,29.1,19.7,0.00,11.4,58,21.68
2021-02-10,29.9,20.8,0.00,14.9,15,21.60
2021-02-11,29.9,21.5,0.00,14.3,21,21.37
2021-02-12,30.5,21.9,0.00,15.7,11,21.41
2021-02-13,30.6,23.1,0.00,18.6,304,21.11
2021-02-14,30.5,23.6,0.00,16.1,319,20.61
2021-02-15,29.9,23.3,0.00,15.3,315,18.49
2021-02-16,29.6,22.8,0.00,13.5,291,19.93
2021-02-17,28.5,22.1,0.00,10.5,15,19.08
2021-02-18,29.4,22.2,1.50,15.7,83,18.27
2021-02-19,26.5,21.2,0.10,20.5,96,19.18
2021-02-20,27.7,20.8,0.00,21.2,78,20.17
2021-02-21,28.8,21.8,0.00,20.3,91,21.66
2021-02-22,29.9,22.6,0.00,14.7,70,22.01
2021-02-23,30.9,23.7,0.00,9.1,46,22.40
2021-02-24,31.4,23.9,0.00,9.9,43,22.50
2021-02-25,32.1,24.8,0.00,13.5,313,21.93
2021-02-26,31.8,24.4,0.00,15.1,307,22.87
2021-02-27,31.9,24.2,0.00,13.6,333,21.73
2021-02-28,32.9,25.3,0.00,14.0,356,22.48
2021-03-01,33.2,26.3,0.00,14.5,357,21.92
2021-03-02,33.2,25.1,0.00,15.3,12,23.34
2021-03-03,33.2,25.0,0.00,14.0,11,23.77
2021-03-04,33.1,24.8,0.00,14.7,24,23.77
2021-03-05,33.5,25.6,0.00,11.0,29,23.82
2021-03-06,33.6,26.2,0.00,13.6,319,23.75
2021-03-07,33.2,25.6,0.00,16.3,290,23.99
2021-03-08,33.5,25.1,0.00,12.0,309,23.90
2021-03-09,33.5,25.5,0.00,14.3,6,23.07
2021-03-10,33.7,26.3,0.00,16.8,347,23.82
2021-03-11,32.5,25.9,0.00,18.1,304,19.84
2021-03-12,33.6,25.7,0.00,18.2,305,22.96
2021-03-13,33.3,25.5,0.00,17.0,60,23.95
2021-03-14,33.8,26.7,0.00,15.9,358,21.60
2021-03-15,33.9,27.1,0.00,16.6,325,21.37
2021-03-16,34.4,27.3,0.00,15.6,320,23.67
2021-03-17,34.5,27.4,0.00,18.0,331,21.50
2021-03-18,34.7,28.1,0.00,16.9,313,20.12
2021-03-19,33.3,27.1,0.00,14.8,296,22.45
2021-03-20,33.9,26.0,0.00,15.3,246,22.57
2021-03-21,34.0,26.3,0.00,14.5,211,22.38
2021-03-22,33.6,26.0,0.00,11.3,237,22.75
2021-03-23,33.6,26.4,0.00,18.0,100,21.61
2021-03-24,34.0,27.1,0.00,10.8,77,21.37
2021-03-25,34.9,27.2,0.00,14.6,359,25.57
2021-03-26,35.6,27.3,0.00,17.2,21,25.78
2021-03-27,36.2,28.4,0.00,16.3,48,25.86
2021-03-28,37.1,29.2,0.00,18.1,345,26.02
2021-03-29,37.7,28.7,0.00,20.1,288,26.11
2021-03-30,35.5,28.2,0.00,22.5,277,26.33
2021-03-31,35.9,27.0,0.00,17.1,279,26.04
2021-04-01,35.4,27.4,0.00,16.1,272,26.20
2021-04-02,35.3,26.4,0.00,16.5,266,26.47
2021-04-03,36.0,27.4,0.00,19.4,278,25.47
2021-04-04,36.3,27.6,0.00,22.3,290,25.85
2021-04-05,37.2,28.5,0.00,20.7,309,26.22
2021-04-06,37.9,29.6,0.00,18.8,297,26.07
2021-04-07,37.8,29.5,0.00,17.3,294,26.27
2021-04-08,36.8,29.0,0.00,19.3,285,23.68
2021-04-09,36.7,29.0,0.00,18.2,275,25.33
2021-04-10,37.6,29.3,0.00,17.7,279,26.10
2021-04-11,36.4,29.9,0.00,15.0,243,22.22
2021-04-12,36.5,29.5,0.00,17.8,300,23.26
2021-04-13,35.6,29.7,0.00,17.2,316,17.87
2021-04-14,34.1,28.2,0.10,18.3,293,20.83
2021-04-15,35.5,27.8,0.00,25.1,329,24.33
2021-04-16,36.0,28.4,0.00,19.5,294,25.70
2021-04-17,36.0,28.2,0.00,19.6,298,21.78
2021-04-18,37.1,29.5,0.00,16.3,324,22.98
2021-04-19,36.2,29.4,0.00,17.2,289,24.10
2021-04-20,35.0,28.4,0.00,17.7,275,25.38
2021-04-21,34.2,27.5,0.00,16.8,282,22.55
2021-04-22,36.4,28.1,0.00,15.2,299,23.99
2021-04-23,36.1,28.8,0.00,17.6,286,25.70
2021-04-24,37.0,28.1,0.00,19.0,291,26.41
2021-04-25,38.0,29.8,0.00,24.4,321,23.25
2021-04-26,36.3,31.0,0.00,16.3,315,23.49
2021-04-27,36.8,29.4,0.00,17.3,292,22.46
2021-04-28,36.3,29.5,0.00,18.9,290,22.76
2021-04-29,38.1,29.2,1.00,23.7,307,21.47
2021-04-30,37.2,29.1,0.70,26.9,287,21.52
2021-05-01,33.4,29.0,0.70,18.1,322,20.39
2021-05-02,34.8,28.7,0.00,14.0,286,20.70
2021-05-03,35.6,28.8,0.00,13.0,317,23.67
2021-05-04,36.5,29.6,0.00,18.4,301,23.48
2021-05-05,35.8,29.8,0.00,14.4,296,22.28
2021-05-06,35.9,30.0,0.00,14.7,268,20.60
2021-05-07,37.7,30.4,0.00,20.3,281,23.86
2021-05-08,37.6,30.6,0.00,14.8,276,24.04
2021-05-09,36.1,30.3,0.00,15.5,261,22.76
2021-05-10,37.5,29.6,0.00,18.0,266,26.77
2021-05-11,35.8,28.6,0.00,19.1,278,26.27
2021-05-12,36.3,28.2,0.00,19.8,266,27.13
2021-05-13,35.1,27.5,0.00,15.8,259,25.92
2021-05-14,37.6,29.2,0.00,21.3,278,25.78
2021-05-15,37.7,31.3,0.10,24.4,50,17.11
2021-05-16,33.5,29.6,3.20,28.5,91,13.05
2021-05-17,28.9,25.3,11.20,39.7,121,8.01
2021-05-18,28.0,24.9,18.70,35.9,194,13.60
2021-05-19,28.5,24.9,14.50,28.2,233,16.19
2021-05-20,30.9,26.0,0.20,18.6,266,22.27
2021-05-21,33.6,26.6,0.00,15.2,261,24.52
2021-05-22,31.9,26.2,0.10,14.6,268,20.15
2021-05-23,31.6,26.5,0.10,15.9,273,18.89
2021-05-24,33.0,26.9,0.00,20.5,293,23.73
2021-05-25,33.4,27.3,0.00,19.3,283,22.79
2021-05-26,34.2,27.0,0.00,22.7,261,25.98
2021-05-27,31.8,26.6,0.40,22.9,256,18.31
2021-05-28,33.1,27.1,0.90,21.1,253,20.62
2021-05-29,35.0,27.8,0.50,18.8,258,23.64
2021-05-30,34.3,27.2,5.80,16.2,253,21.61
2021-05-31,33.7,27.4,0.80,16.3,246,21.03
2021-06-01,34.1,27.3,2.60,15.4,242,20.73
2021-06-02,33.1,27.1,7.30,12.7,253,20.06
2021-06-03,35.2,27.7,1.10,19.6,248,23.77
2021-06-04,32.3,26.9,1.10,13.3,251,21.36
2021-06-05,28.6,25.6,2.30,10.8,235,9.46
2021-06-06,31.0,25.9,2.20,12.4,245,18.37
2021-06-07,30.0,25.2,3.10,19.4,243,20.67
2021-06-08,29.1,25.5,3.50,19.3,247,20.14
2021-06-09,28.4,25.0,2.80,23.9,251,17.81
2021-06-10,27.3,24.1,17.40,23.1,243,13.70
2021-06-11,28.6,25.0,2.50,29.2,241,21.03
2021-06-12,30.8,25.8,2.10,21.4,249,20.65
2021-06-13,30.3,26.2,1.90,21.4,254,20.23
2021-06-14,30.6,26.3,1.20,21.8,252,20.40
2021-06-15,28.0,25.1,1.80,23.7,240,16.55
2021-06-16,27.5,24.7,2.80,27.8,232,18.15
2021-06-17,25.0,23.6,1.10,26.2,228,8.99
2021-06-18,27.4,23.7,3.90,28.2,232,16.52
2021-06-19,27.0,23.5,2.00,29.5,233,18.66
2021-06-20,27.7,23.7,5.20,31.7,240,19.86
2021-06-21,28.2,24.5,1.60,25.5,247,20.80
2021-06-22,27.4,24.7,3.10,22.0,256,18.53
2021-06-23,28.3,25.0,2.50,20.3,256,18.75
2021-06-24,25.1,23.4,8.00,24.0,244,5.74
2021-06-25,26.9,23.8,11.30,20.3,249,13.35
2021-06-26,27.3,24.3,0.70,20.6,258,12.04
2021-06-27,26.6,23.9,2.10,17.2,275,9.63
2021-06-28,26.5,23.6,8.90,12.1,272,9.42
2021-06-29,29.4,25.0,6.70,12.9,253,19.59
2021-06-30,29.0,25.3,0.80,20.2,249,18.94
2021-07-01,29.1,25.4,0.10,23.4,247,19.53
2021-07-02,28.9,25.2,0.10,26.7,241,20.78
2021-07-03,29.4,25.4,1.20,20.5,241,19.56
2021-07-04,30.3,25.7,1.80,18.2,258,19.15
2021-07-05,30.7,26.0,0.30,15.4,269,22.28
2021-07-06,31.0,26.4,0.70,13.0,267,20.87
2021-07-07,31.0,26.2,6.50,16.3,271,20.11
2021-07-08,30.2,25.7,1.10,19.3,259,16.28
2021-07-09,28.6,25.3,2.40,15.6,266,16.07
2021-07-10,29.6,25.0,7.50,13.1,265,15.77
2021-07-11,29.5,25.1,7.90,13.0,263,14.62
2021-07-12,29.3,24.8,7.60,18.7,204,15.47
2021-07-13,27.9,24.4,10.20,21.4,230,14.77
2021-07-14,27.2,24.2,6.40,20.1,237,14.49
2021-07-15,27.3,24.1,18.40,15.5,224,10.70
2021-07-16,28.5,24.5,6.60,28.8,224,15.60
2021-07-17,29.2,25.0,3.70,16.8,230,18.76
2021-07-18,26.1,23.9,49.60,23.2,255,8.67
2021-07-19,26.3,24.1,22.10,22.3,263,12.43
2021-07-20,26.6,24.1,6.80,26.8,253,16.10
2021-07-21,26.5,23.9,12.90,29.5,253,13.15
2021-07-22,24.9,23.8,6.80,24.9,265,6.37
2021-07-23,23.7,23.2,11.80,24.3,245,7.96
2021-07-24,26.0,23.5,3.50,29.5,256,10.81
2021-07-25,25.2,23.7,3.90,28.6,252,10.83
2021-07-26,25.6,23.7,8.70,32.5,250,16.96
2021-07-27,25.6,23.4,7.40,30.6,243,16.46
2021-07-28,25.9,23.4,9.90,28.3,242,15.84
2021-07-29,25.0,23.2,6.60,31.1,245,10.27
2021-07-30,25.6,23.5,10.80,34.8,251,13.92
2021-07-31,26.4,23.9,3.30,35.9,258,19.33
2021-08-01,26.0,23.7,1.00,36.5,258,17.46
2021-08-02,26.3,23.7,1.50,30.1,256,18.89
2021-08-03,26.1,23.6,2.60,30.5,252,15.61
2021-08-04,26.7,23.7,3.70,30.7,249,14.62
2021-08-05,27.7,24.5,1.40,27.4,256,19.41
2021-08-06,27.6,24.3,1.30,24.7,253,17.92
2021-08-07,27.4,24.2,1.30,20.7,251,20.01
2021-08-08,28.5,24.5,2.40,18.7,242,21.22
2021-08-09,28.7,24.5,1.10,22.0,245,21.48
2021-08-10,27.4,23.9,1.30,19.6,247,17.81
2021-08-11,27.6,23.9,1.50,20.4,251,19.70
2021-08-12,27.3,23.9,1.20,20.0,256,17.81
2021-08-13,27.6,23.9,1.80,20.8,254,19.38
2021-08-14,26.5,23.4,3.80,23.3,250,18.86
2021-08-15,27.6,23.4,4.70,20.3,248,18.93
2021-08-16,27.7,23.9,3.10,15.5,262,18.88
2021-08-17,24.2,22.6,8.60,13.8,262,6.71
2021-08-18,23.9,22.3,44.30,14.0,267,4.23
2021-08-19,23.8,22.2,35.60,18.8,261,5.09
2021-08-20,22.7,21.9,31.70,14.0,239,4.79
2021-08-21,25.5,22.7,7.60,18.9,232,10.74
2021-08-22,26.9,23.3,5.60,20.5,243,14.92
2021-08-23,28.5,23.9,1.40,16.2,244,19.29
2021-08-24,28.4,24.1,1.40,16.5,247,18.65
2021-08-25,27.5,24.0,1.90,19.2,252,19.16
2021-08-26,26.8,23.6,1.60,21.2,251,17.80
2021-08-27,27.2,23.9,1.40,16.3,246,19.21
2021-08-28,28.3,24.0,0.20,14.3,260,20.74
2021-08-29,28.7,23.9,0.60,16.6,270,19.85
2021-08-30,24.9,23.2,5.20,16.1,280,8.15
2021-08-31,24.0,22.6,40.30,15.6,257,5.05
2021-09-01,26.5,23.5,1.80,27.8,233,16.50
2021-09-02,26.9,23.7,1.10,23.7,221,18.77
2021-09-03,27.4,23.9,1.50,25.1,222,18.58
2021-09-04,26.7,23.8,8.20,16.9,244,14.98
2021-09-05,26.0,23.4,4.90,14.8,263,11.34
2021-09-06,27.2,23.8,8.90,14.7,263,14.67
2021-09-07,26.1,23.7,11.80,11.4,287,7.66
2021-09-08,25.4,23.2,28.90,30.5,224,10.03
2021-09-09,26.4,23.8,6.60,30.4,240,18.45
2021-09-10,26.3,23.8,4.50,29.9,239,18.78
2021-09-11,26.9,23.8,5.90,28.7,233,16.74
2021-09-12,26.9,23.6,7.90,21.2,240,13.12
2021-09-13,23.8,23.0,77.30,28.0,233,3.50
2021-09-14,26.3,23.8,12.00,27.8,243,16.92
2021-09-15,26.0,23.6,1.60,25.5,230,15.32
2021-09-16,25.7,23.3,0.10,25.3,234,13.90
2021-09-17,25.7,23.2,1.60,20.0,240,12.50
2021-09-18,27.0,23.4,0.70,19.0,239,17.63
2021-09-19,26.9,23.6,2.50,19.0,236,17.99
2021-09-20,28.2,23.8,3.90,18.2,251,17.31
2021-09-21,26.7,23.4,7.50,19.8,257,13.47
2021-09-22,24.1,22.8,10.60,17.5,262,6.67
2021-09-23,27.0,23.5,10.50,17.8,255,13.38
2021-09-24,27.4,23.9,1.30,14.2,246,15.93
2021-09-25,27.8,23.8,0.10,14.1,266,14.55
2021-09-26,26.4,23.4,3.50,13.2,289,14.97
2021-09-27,26.9,23.2,17.00,11.3,273,11.98
2021-09-28,24.7,22.6,62.50,17.3,254,6.93
2021-09-29,25.2,23.0,33.40,32.4,216,10.45
2021-09-30,27.7,23.6,4.00,17.2,210,17.05
2021-10-01,29.3,24.2,2.50,8.8,267,18.81
2021-10-02,27.1,23.8,1.40,10.1,36,11.64
2021-10-03,29.7,24.2,1.00,12.3,3,19.75
2021-10-04,30.0,24.9,0.30,10.2,299,21.21
2021-10-05,29.9,25.2,1.50,8.7,28,17.65
2021-10-06,29.1,24.8,6.30,8.5,65,16.46
2021-10-07,30.2,25.6,0.20,12.8,86,20.73
2021-10-08,29.0,24.7,6.30,9.2,244,16.08
2021-10-09,27.7,23.9,17.40,12.8,263,12.21
2021-10-10,29.1,24.4,0.90,8.4,304,19.08
2021-10-11,28.6,24.5,1.10,7.1,8,18.68
2021-10-12,28.6,24.4,0.50,8.0,38,18.48
2021-10-13,29.2,24.4,0.20,11.7,75,20.61
2021-10-14,30.3,24.7,0.00,13.1,53,21.04
2021-10-15,29.9,23.9,0.00,10.0,42,21.65
2021-10-16,29.6,23.5,0.00,9.0,44,21.70
2021-10-17,30.3,24.7,0.00,13.9,333,16.51
2021-10-18,29.3,24.4,0.00,17.4,266,20.98
2021-10-19,28.7,23.5,0.00,12.4,270,20.23
2021-10-20,29.1,22.4,0.00,7.4,298,21.95
2021-10-21,28.9,23.0,0.00,8.9,35,21.73
2021-10-22,29.1,22.6,0.00,10.6,327,21.65
2021-10-23,29.7,22.3,0.00,11.3,290,21.25
2021-10-24,28.9,22.2,0.00,10.8,291,19.67
2021-10-25,28.5,22.3,0.00,8.3,3,20.66
2021-10-26,28.7,22.4,0.00,9.2,44,20.43
2021-10-27,28.8,22.6,0.00,11.7,58,19.21
2021-10-28,28.5,22.6,0.00,13.8,57,18.56
2021-10-29,27.8,21.9,0.00,15.5,61,21.20
2021-10-30,27.8,21.0,0.00,16.4,68,20.60
2021-10-31,29.1,21.7,0.00,12.2,69,20.41
2021-11-01,29.3,22.5,0.00,11.2,69,18.99
2021-11-02,29.6,23.0,0.00,12.8,69,19.65
2021-11-03,29.1,22.7,0.00,12.6,71,20.06
2021-11-04,29.0,22.7,0.00,13.0,70,18.52
2021-11-05,29.2,23.8,0.30,12.8,72,17.58
2021-11-06,29.5,24.1,0.20,14.2,93,18.09
2021-11-07,28.8,23.6,0.00,14.2,79,12.38
2021-11-08,28.5,22.7,0.00,16.5,81,19.41
2021-11-09,28.1,21.5,0.00,15.5,76,19.66
2021-11-10,27.9,21.0,0.00,14.5,69,19.41
2021-11-11,27.7,20.8,0.00,19.9,67,19.32
2021-11-12,27.8,20.9,0.00,18.1,69,19.05
2021-11-13,29.9,22.6,0.00,14.0,70,18.52
2021-11-14,30.1,23.7,0.00,11.2,77,18.44
2021-11-15,30.2,24.4,0.00,15.1,67,17.78
2021-11-16,30.7,24.5,0.00,21.4,84,16.97
2021-11-17,29.8,24.7,12.10,23.5,96,11.04
2021-11-18,29.3,23.4,2.40,16.0,106,12.87
2021-11-19,28.4,23.3,0.40,15.8,90,14.32
2021-11-20,29.1,23.9,0.70,19.2,81,15.01
2021-11-21,28.5,24.1,0.70,20.0,98,11.52
2021-11-22,28.5,23.6,2.80,9.0,57,10.88
2021-11-23,29.3,24.2,0.60,8.3,43,16.12
2021-11-24,29.7,24.7,0.00,13.6,73,16.49
2021-11-25,29.6,24.2,0.00,9.0,49,17.49
2021-11-26,29.0,23.2,0.00,9.1,69,18.18
2021-11-27,28.4,21.8,0.00,13.6,84,18.18
2021-11-28,27.2,20.8,0.00,14.8,87,17.87
2021-11-29,26.9,20.3,0.00,16.5,92,16.56
2021-11-30,27.2,21.5,0.30,16.1,87,13.10
2021-12-01,20.9,18.9,28.60,15.6,75,3.52
2021-12-02,21.0,17.6,50.80,22.7,80,5.62
2021-12-03,23.4,19.6,0.30,13.8,84,7.97
2021-12-04,25.7,21.0,0.70,16.7,106,13.68
2021-12-05,26.1,20.7,0.00,10.0,353,14.91
2021-12-06,25.5,20.4,0.40,7.4,14,15.37
2021-12-07,25.9,20.1,0.00,12.3,73,16.70
2021-12-08,25.8,20.4,0.00,11.9,89,16.39
2021-12-09,25.5,20.8,0.00,7.9,68,14.54
2021-12-10,26.1,20.4,0.00,13.2,79,15.90
2021-12-11,26.3,20.2,0.00,13.4,81,16.66
2021-12-12,26.6,20.3,0.00,12.5,85,16.68
2021-12-13,26.2,20.2,0.00,14.0,78,16.03
2021-12-14,25.8,20.3,0.00,11.1,32,16.05
2021-12-15,26.2,19.8,0.00,10.4,45,15.39
2021-12-16,26.0,20.2,0.00,11.2,47,14.50
2021-12-17,25.7,19.9,0.00,10.0,46,16.14
2021-12-18,25.2,18.8,0.00,11.2,64,17.20
2021-12-19,24.6,18.1,0.00,14.5,83,17.16
2021-12-20,25.1,17.9,0.00,10.8,77,17.23
2021-12-21,25.9,18.3,0.00,8.7,59,17.25
2021-12-22,27.0,18.6,0.00,9.0,326,17.14
2021-12-23,28.0,19.7,0.00,9.5,276,17.15
2021-12-24,27.9,19.1,0.00,12.5,276,17.51
2021-12-25,26.3,18.6,0.00,10.6,313,17.25
2021-12-26,27.1,19.5,0.00,11.3,5,16.88
2021-12-27,26.8,19.4,0.00,9.0,46,17.00
2021-12-28,27.6,19.8,0.00,15.0,296,16.84
2021-12-29,23.6,17.7,0.00,13.1,54,16.83
2021-12-30,23.7,17.9,0.00,21.7,88,14.45
2021-12-31,26.1,19.2,0.00,17.5,86,15.57
2022-01-01,26.5,19.4,0.00,11.6,74,15.78
2022-01-02,25.9,19.6,0.20,10.7,74,15.93
2022-01-03,26.6,20.5,0.00,12.1,88,16.26
2022-01-04,27.1,20.3,0.00,10.8,72,16.95
2022-01-05,27.2,20.8,0.00,14.3,186,16.42
2022-01-06,26.7,20.2,0.00,13.8,273,16.14
2022-01-07,27.0,19.7,0.00,18.1,181,15.83
2022-01-08,23.7,18.6,1.30,11.2,272,12.02
2022-01-09,23.2,18.4,1.50,12.1,318,16.88
2022-01-10,22.8,15.4,0.00,12.0,20,18.13
2022-01-11,23.6,17.1,0.00,13.0,59,14.71
2022-01-12,23.1,16.8,0.00,14.9,66,17.39
2022-01-13,22.9,16.4,0.10,15.4,88,15.14
2022-01-14,23.7,17.2,0.20,10.8,62,16.36
2022-01-15,24.2,17.7,0.00,16.6,79,17.74
2022-01-16,25.8,18.4,0.00,15.5,84,18.08
2022-01-17,26.3,19.0,0.00,11.5,71,17.61
2022-01-18,26.7,19.9,0.00,11.3,48,18.24
2022-01-19,26.8,19.7,0.00,9.4,43,18.39
2022-01-20,27.7,20.4,0.00,13.7,297,18.71
2022-01-21,27.6,20.2,0.00,14.3,271,18.46
2022-01-22,24.3,19.3,0.70,27.4,255,15.06
2022-01-23,20.7,16.9,0.10,17.0,280,16.75
2022-01-24,21.0,14.1,0.00,11.7,357,19.82
2022-01-25,22.4,14.4,0.00,10.6,44,19.81
2022-01-26,23.6,15.4,0.00,12.2,63,19.67
2022-01-27,24.4,16.3,0.00,14.2,76,19.59
2022-01-28,25.1,16.9,0.00,13.4,75,19.97
2022-01-29,26.2,17.0,0.00,10.1,66,20.33
2022-01-30,28.0,18.4,0.00,11.8,31,20.42
2022-01-31,28.5,19.3,0.00,12.7,306,20.46
2022-02-01,28.5,19.3,0.00,13.6,316,20.56
2022-02-02,30.1,20.7,0.00,11.8,303,20.50
2022-02-03,27.1,19.7,0.00,20.1,266,20.50
2022-02-04,25.6,18.6,0.00,11.4,269,20.16
2022-02-05,27.2,18.1,0.00,15.2,2,20.88
2022-02-06,29.3,19.8,0.00,18.6,52,20.86
2022-02-07,29.1,20.7,0.00,13.7,285,20.80
2022-02-08,28.4,20.2,0.00,15.0,273,20.67
2022-02-09,26.4,18.9,0.00,13.4,295,21.11
2022-02-10,27.5,20.0,0.00,16.2,46,21.15
2022-02-11,27.7,20.1,0.00,15.5,77,21.44
2022-02-12,28.6,20.1,0.00,11.2,69,21.39
2022-02-13,29.3,21.6,0.00,18.4,43,21.27
2022-02-14,28.9,21.2,0.00,15.3,286,21.65
2022-02-15,29.0,21.2,0.00,15.3,286,21.54
2022-02-16,27.5,20.6,0.00,12.1,239,20.93
2022-02-17,28.9,21.3,0.00,13.0,86,18.04
2022-02-18,30.3,22.1,0.00,13.1,276,20.43
2022-02-19,31.4,23.2,0.00,13.5,289,20.43
2022-02-20,30.9,23.8,0.00,17.1,323,22.57
2022-02-21,31.3,23.2,0.00,13.4,328,22.71
2022-02-22,33.6,23.9,0.00,14.0,279,22.79
2022-02-23,34.2,24.6,0.00,17.1,279,22.64
2022-02-24,33.1,25.0,0.00,16.1,325,22.68
2022-02-25,32.2,23.9,0.00,14.0,359,22.97
2022-02-26,33.3,24.4,0.00,17.8,294,22.40
2022-02-27,32.5,24.6,0.00,16.9,327,22.96
2022-02-28,33.2,24.4,0.00,17.1,323,22.92
2022-03-01,32.6,24.4,0.00,13.7,4,22.91
2022-03-02,33.2,25.0,0.00,14.3,8,21.46
2022-03-03,33.5,25.7,0.00,19.1,1,21.28
2022-03-04,33.1,25.7,0.00,19.3,7,22.15
2022-03-05,33.0,25.4,0.00,15.8,47,23.34
2022-03-06,33.1,25.7,0.00,20.0,29,22.05
2022-03-07,33.1,27.0,0.00,17.7,27,19.88
2022-03-08,32.0,25.6,0.10,15.8,89,16.41
2022-03-09,30.4,24.6,0.70,12.6,101,19.92
2022-03-10,32.8,25.0,0.00,9.7,65,22.06
2022-03-11,33.3,25.1,1.20,15.3,63,20.61
2022-03-12,33.2,25.6,0.00,11.9,78,23.75
2022-03-13,33.8,25.6,0.00,11.2,82,24.78
2022-03-14,35.4,26.6,0.00,11.9,41,24.99
2022-03-15,36.4,27.1,0.00,13.8,33,24.66
2022-03-16,37.5,28.8,0.00,16.3,6,24.73
2022-03-17,37.9,29.1,0.00,18.2,2,24.95
2022-03-18,38.5,29.6,0.00,15.3,347,23.60
2022-03-19,37.8,29.5,0.00,17.7,326,21.11
2022-03-20,33.8,27.3,0.00,20.0,295,15.97
2022-03-21,36.2,27.5,0.00,16.0,341,16.91
2022-03-22,36.9,30.0,0.00,18.6,353,20.96
2022-03-23,37.4,29.8,0.00,19.8,350,22.60
2022-03-24,37.8,30.1,0.00,24.6,333,21.33
2022-03-25,38.1,28.8,0.00,19.7,281,25.08
2022-03-26,38.7,30.2,0.00,17.0,308,22.03
2022-03-27,38.9,29.5,0.00,18.8,320,21.99
2022-03-28,38.9,30.8,0.00,16.2,325,25.15
2022-03-29,37.7,30.1,0.00,16.4,312,25.78
2022-03-30,37.6,29.9,0.00,17.4,295,26.28
2022-03-31,37.8,29.1,0.00,15.5,274,26.87
2022-04-01,38.0,28.1,0.00,17.1,267,26.81
2022-04-02,38.4,28.9,0.00,18.1,290,26.31
2022-04-03,38.9,29.2,0.00,20.6,307,26.23
2022-04-04,39.8,30.9,0.00,19.3,326,24.02
2022-04-05,39.9,30.7,0.00,19.4,315,21.14
2022-04-06,38.9,30.1,0.00,20.6,314,23.66
2022-04-07,38.9,30.3,0.00,18.2,310,26.27
2022-04-08,39.7,30.9,0.00,20.6,285,25.95
2022-04-09,39.2,30.2,0.00,19.7,281,24.42
2022-04-10,37.4,29.6,0.00,19.6,283,25.50
2022-04-11,38.8,30.1,0.00,20.0,286,25.47
2022-04-12,39.4,30.5,0.00,20.4,289,23.95
2022-04-13,39.5,31.2,0.00,17.6,305,25.65
2022-04-14,38.6,31.2,0.00,17.2,303,26.21
2022-04-15,37.2,29.1,0.00,16.8,278,26.49
2022-04-16,37.5,28.8,0.00,17.9,292,27.15
2022-04-17,37.8,28.7,0.00,18.7,292,26.78
2022-04-18,37.8,29.2,0.00,17.6,302,26.55
2022-04-19,38.2,30.0,0.00,21.5,308,25.10
2022-04-20,36.4,29.3,0.50,18.0,311,22.74
2022-04-21,37.5,31.6,0.00,23.8,338,23.27
2022-04-22,38.8,30.7,0.00,20.3,344,22.11
2022-04-23,39.1,32.1,0.00,20.2,313,24.37
2022-04-24,39.8,31.6,0.00,20.0,310,24.09
2022-04-25,39.7,31.2,0.00,16.4,297,25.91
2022-04-26,38.9,31.6,0.00,17.7,304,26.02
2022-04-27,40.2,32.4,0.00,18.9,321,26.34
2022-04-28,41.1,33.2,0.00,17.6,322,25.33
2022-04-29,38.4,31.3,0.00,19.0,291,24.92
2022-04-30,38.7,31.1,0.00,23.4,280,27.32
2022-05-01,37.7,29.7,0.00,18.0,269,25.25
2022-05-02,37.2,29.2,0.00,19.3,273,25.57
2022-05-03,37.5,29.2,0.00,20.0,269,25.96
2022-05-04,37.6,29.1,0.00,18.6,286,27.26
2022-05-05,37.7,29.5,0.00,21.1,301,27.34
2022-05-06,37.8,29.5,0.00,20.1,298,25.83
2022-05-07,38.9,30.4,0.00,23.3,304,25.43
2022-05-08,40.1,31.4,0.00,20.9,310,22.35
2022-05-09,39.2,31.4,0.00,23.1,307,23.49
2022-05-10,39.1,30.7,0.30,22.1,303,21.93
2022-05-11,40.0,30.5,0.00,26.6,281,21.73
2022-05-12,36.4,29.1,0.00,19.9,258,22.28
2022-05-13,37.1,29.2,0.00,19.1,250,26.29
2022-05-14,36.8,28.9,0.00,20.1,260,25.78
2022-05-15,37.7,29.4,0.00,16.3,270,25.81
2022-05-16,37.9,29.7,0.00,17.4,286,26.18
2022-05-17,37.2,29.5,0.00,16.5,273,24.42
2022-05-18,37.6,29.3,0.00,17.6,280,25.50
2022-05-19,39.0,30.4,0.00,21.7,291,24.97
2022-05-20,36.0,28.8,0.00,19.9,258,25.59
2022-05-21,34.5,27.4,0.00,26.6,252,26.69
2022-05-22,33.5,27.2,0.00,28.6,252,22.74
2022-05-23,34.3,27.7,0.00,27.6,250,24.36
2022-05-24,34.1,27.8,0.70,21.9,252,23.42
2022-05-25,35.0,28.2,0.00,17.8,270,25.10
2022-05-26,34.5,28.0,0.00,18.8,262,24.45
2022-05-27,33.8,27.3,0.00,24.1,258,24.74
2022-05-28,33.9,27.2,0.00,24.4,257,22.94
2022-05-29,33.0,27.2,0.00,25.4,260,20.16
2022-05-30,33.8,27.5,0.00,20.4,262,24.18
2022-05-31,34.8,28.1,0.10,18.1,275,25.06
2022-06-01,35.5,28.0,0.30,18.9,279,24.12
2022-06-02,34.3,28.0,0.00,17.2,270,22.01
2022-06-03,35.5,28.1,0.00,19.4,268,26.71
2022-06-04,35.9,28.6,0.00,16.8,273,26.18
2022-06-05,37.1,29.1,0.10,20.8,276,25.19
2022-06-06,35.9,28.9,1.40,16.9,260,22.75
2022-06-07,34.4,28.0,1.80,16.4,267,21.90
2022-06-08,35.5,28.5,3.60,16.7,266,23.95
2022-06-09,36.3,28.6,6.10,13.3,250,22.00
2022-06-10,32.8,27.6,4.30,15.0,256,19.32
2022-06-11,32.2,25.4,11.90,19.8,228,14.49
2022-06-12,30.3,25.0,2.90,19.1,229,17.66
2022-06-13,31.7,26.2,2.50,18.9,230,21.86
2022-06-14,32.2,26.7,2.00,21.5,232,23.98
2022-06-15,31.5,26.3,1.20,26.3,239,21.48
2022-06-16,32.1,26.5,1.10,19.9,242,21.87
2022-06-17,31.4,26.4,2.80,18.8,235,20.91
2022-06-18,31.5,26.7,1.10,20.6,237,22.85
2022-06-19,29.5,25.7,2.60,24.8,235,19.37
2022-06-20,28.6,24.7,3.40,27.2,237,16.96
2022-06-21,29.3,24.3,3.90,22.1,234,17.10
2022-06-22,31.8,25.0,18.60,20.2,232,19.48
2022-06-23,29.9,24.8,19.40,9.1,291,15.39
2022-06-24,29.4,24.4,12.80,13.0,221,14.04
2022-06-25,29.0,25.0,11.30,13.0,195,18.89
2022-06-26,29.5,24.9,1.60,22.0,214,19.53
2022-06-27,28.4,24.3,17.00,18.8,224,14.59
2022-06-28,28.1,24.2,5.00,21.6,236,17.66
2022-06-29,28.4,24.7,8.00,19.7,241,18.80
2022-06-30,28.3,24.6,3.70,19.8,240,18.15
2022-07-01,26.2,23.7,3.50,26.6,235,14.15
2022-07-02,25.5,23.4,3.70,26.4,235,8.56
2022-07-03,27.6,24.1,3.10,27.6,232,18.32
2022-07-04,25.9,23.5,3.00,22.4,233,9.41
2022-07-05,24.8,23.3,5.40,21.5,243,6.88
2022-07-06,26.5,23.5,3.60,26.7,232,16.26
2022-07-07,26.3,23.7,2.80,26.8,244,14.09
2022-07-08,24.6,23.0,10.10,21.7,252,5.93
2022-07-09,25.2,22.7,16.60,22.0,262,8.96
2022-07-10,24.7,22.6,17.90,26.0,262,10.16
2022-07-11,23.1,22.2,37.10,26.0,255,5.59
2022-07-12,23.6,22.2,49.40,26.2,257,5.21
2022-07-13,23.6,22.4,50.50,26.9,257,3.69
2022-07-14,24.0,22.7,55.10,31.2,238,7.89
2022-07-15,25.0,23.2,9.70,30.8,233,13.42
2022-07-16,26.5,23.7,8.90,29.8,223,19.89
2022-07-17,27.2,24.3,2.60,25.8,239,20.01
2022-07-18,23.6,22.9,11.90,22.3,252,6.16
2022-07-19,25.2,22.8,10.70,28.1,248,10.61
2022-07-20,26.9,23.6,3.00,23.6,247,18.91
2022-07-21,27.1,23.8,2.30,20.9,254,17.61
2022-07-22,27.7,24.0,1.30,21.6,263,19.94
2022-07-23,25.7,23.4,4.20,24.1,257,15.23
2022-07-24,23.8,22.7,21.30,22.6,248,6.76
2022-07-25,25.6,22.9,3.00,20.9,236,12.32
2022-07-26,27.2,23.9,3.30,18.4,247,18.89
2022-07-27,27.7,23.8,8.50,11.9,261,13.99
2022-07-28,29.4,24.4,2.90,13.7,283,21.24
2022-07-29,29.5,24.8,2.60,14.0,284,20.17
2022-07-30,29.0,24.7,1.40,14.4,276,21.50
2022-07-31,28.5,24.5,1.40,16.2,269,21.68
2022-08-01,28.3,24.5,1.20,16.7,266,22.53
2022-08-02,27.7,24.5,1.50,15.9,272,17.23
2022-08-03,29.7,24.7,6.40,13.2,274,19.97
2022-08-04,29.1,24.9,16.60,10.7,264,16.96
2022-08-05,27.4,23.7,37.80,11.5,234,10.50
2022-08-06,28.2,24.0,17.10,16.5,233,16.71
2022-08-07,28.6,24.2,13.60,11.3,242,17.70
2022-08-08,27.3,24.0,24.00,10.3,243,12.34
2022-08-09,25.5,23.5,3.50,34.5,219,11.39
2022-08-10,25.5,23.3,5.90,29.9,229,11.18
2022-08-11,25.8,23.4,10.90,36.3,227,18.16
2022-08-12,25.2,23.1,8.40,35.7,230,15.21
2022-08-13,26.0,23.1,10.70,30.2,239,16.66
2022-08-14,26.6,23.4,5.90,28.7,241,20.77
2022-08-15,24.5,22.5,8.20,27.1,246,7.10
2022-08-16,23.9,22.4,17.00,29.6,233,8.69
2022-08-17,25.0,22.8,6.50,29.4,226,15.75
2022-08-18,26.6,23.1,5.00,28.9,233,18.63
2022-08-19,26.8,23.4,2.30,25.3,239,19.09
2022-08-20,26.9,23.8,1.70,25.3,250,19.41
2022-08-21,26.8,23.6,2.10,23.7,259,19.46
2022-08-22,24.2,22.7,2.70,26.7,256,9.06
2022-08-23,25.1,23.2,2.60,26.8,243,14.07
2022-08-24,26.0,23.1,3.50,22.9,236,17.38
2022-08-25,27.1,23.5,3.10,17.9,241,19.77
2022-08-26,27.5,23.8,2.80,15.9,253,21.33
2022-08-27,27.4,23.5,1.00,15.9,265,20.16
2022-08-28,28.0,23.7,1.00,12.8,271,19.56
2022-08-29,29.8,24.0,0.10,15.8,282,23.61
2022-08-30,30.0,24.5,10.60,6.6,331,21.38
2022-08-31,29.8,24.9,5.30,12.0,16,19.08
2022-09-01,29.2,24.3,14.50,15.0,55,15.68
2022-09-02,30.1,25.0,1.10,11.9,107,21.64
2022-09-03,30.2,25.0,3.20,11.7,237,21.59
2022-09-04,27.9,24.7,9.60,14.8,252,13.08
2022-09-05,27.6,24.2,1.90,13.1,268,15.75
2022-09-06,28.3,24.0,1.50,10.2,289,17.38
2022-09-07,29.5,24.2,9.60,13.6,337,18.87
2022-09-08,28.5,24.1,15.60,14.2,73,14.50
2022-09-09,29.3,24.6,8.70,14.6,87,17.04
2022-09-10,29.6,24.2,20.20,12.7,82,17.40
2022-09-11,29.2,24.3,23.00,10.3,42,16.02
2022-09-12,26.7,23.9,11.50,12.2,277,11.01
2022-09-13,26.2,23.3,12.50,23.9,229,10.01
2022-09-14,25.2,23.3,4.10,28.3,228,10.82
2022-09-15,25.5,23.1,8.00,30.0,229,9.12
2022-09-16,23.4,22.5,56.90,21.5,246,3.90
2022-09-17,25.4,22.8,8.10,17.8,233,13.82
2022-09-18,25.0,22.3,20.90,16.3,236,8.22
2022-09-19,25.4,22.5,18.60,17.3,274,9.93
2022-09-20,25.7,22.6,4.50,16.5,272,13.23
2022-09-21,27.3,23.1,0.80,17.0,275,17.66
2022-09-22,26.2,22.6,1.90,19.5,268,16.72
2022-09-23,26.5,22.6,0.90,21.3,253,17.11
2022-09-24,27.8,23.1,2.00,17.1,245,19.34
2022-09-25,28.0,23.2,0.80,13.3,249,20.89
2022-09-26,26.0,22.6,1.50,13.6,255,14.53
2022-09-27,27.9,23.3,3.70,9.9,288,19.76
2022-09-28,27.9,22.7,11.40,14.8,282,17.62
2022-09-29,28.5,23.4,2.30,11.5,307,17.80
2022-09-30,29.2,23.8,1.40,14.6,320,21.10
2022-10-01,28.8,23.8,1.70,16.6,301,19.15
2022-10-02,27.6,23.4,2.30,13.3,285,19.66
2022-10-03,28.2,23.4,0.10,12.0,303,20.87
2022-10-04,28.4,23.9,0.30,12.4,320,19.56
2022-10-05,28.3,24.2,0.40,16.2,314,18.80
2022-10-06,28.6,24.5,1.60,17.4,302,18.67
2022-10-07,24.1,22.4,21.30,12.1,257,6.87
2022-10-08,25.2,22.4,5.10,23.2,221,10.67
2022-10-09,27.6,23.6,1.00,15.5,230,16.70
2022-10-10,29.0,23.5,6.40,6.9,283,18.91
2022-10-11,28.5,23.8,8.70,9.3,57,18.60
2022-10-12,27.8,23.4,2.70,10.1,67,14.51
2022-10-13,29.0,23.9,1.20,15.9,64,18.18
2022-10-14,28.7,23.2,8.00,18.6,74,18.17
2022-10-15,27.7,23.0,0.00,18.6,62,21.98
2022-10-16,29.1,22.7,0.00,17.0,69,20.89
2022-10-17,28.4,23.9,17.30,19.9,94,14.95
2022-10-18,27.4,23.2,4.90,12.3,101,14.27
2022-10-19,27.3,23.2,1.80,10.6,64,13.91
2022-10-20,27.4,23.0,1.60,13.1,93,14.40
2022-10-21,27.6,22.8,4.20,15.9,94,16.20
2022-10-22,27.6,22.9,0.00,18.2,92,20.12
2022-10-23,27.3,21.1,0.00,14.4,68,21.64
2022-10-24,28.1,21.5,0.00,10.1,340,21.49
2022-10-25,28.2,21.5,0.00,8.4,305,21.51
2022-10-26,27.8,21.6,0.00,9.2,90,21.44
2022-10-27,27.5,21.3,0.00,11.2,83,21.15
2022-10-28,27.3,21.3,0.00,15.5,74,21.06
2022-10-29,27.7,21.0,0.00,16.7,71,20.86
2022-10-30,27.7,21.2,0.00,12.7,65,20.40
2022-10-31,27.5,21.8,0.00,11.2,70,20.80
2022-11-01,27.0,20.2,0.00,15.1,67,20.93
2022-11-02,28.5,20.8,0.00,16.4,69,20.71
2022-11-03,29.8,21.8,0.00,15.9,62,20.67
2022-11-04,28.9,21.3,0.00,19.1,79,20.62
2022-11-05,29.7,21.5,0.00,18.5,83,20.40
2022-11-06,29.7,22.0,0.00,16.5,83,20.31
2022-11-07,29.7,22.9,0.00,10.4,56,19.69
2022-11-08,30.0,22.7,0.00,11.9,301,19.56
2022-11-09,29.4,22.2,0.00,12.5,44,18.64
2022-11-10,28.3,21.4,0.00,13.6,63,19.52
2022-11-11,28.6,21.7,0.00,15.6,59,19.38
2022-11-12,28.3,21.7,0.00,16.6,76,19.22
2022-11-13,28.5,21.9,0.00,16.4,89,19.34
2022-11-14,29.1,21.8,0.00,12.3,76,19.00
2022-11-15,29.3,22.5,0.00,10.7,42,18.94
2022-11-16,28.5,22.1,0.00,11.2,67,19.09
2022-11-17,28.3,21.5,0.00,13.1,55,19.08
2022-11-18,26.8,19.7,0.00,14.8,61,19.29
2022-11-19,25.8,19.1,0.00,14.1,72,19.15
2022-11-20,26.0,18.6,0.00,15.2,65,19.20
2022-11-21,26.0,18.5,0.00,12.0,76,19.23
2022-11-22,27.4,19.2,0.00,11.6,75,18.58
2022-11-23,28.4,20.4,0.00,11.6,70,18.36
2022-11-24,28.4,20.7,0.00,11.9,72,18.37
2022-11-25,29.6,21.8,0.00,12.3,74,17.58
2022-11-26,30.1,22.8,0.00,12.3,53,17.19
2022-11-27,30.2,22.9,0.00,12.0,19,16.69
2022-11-28,29.6,22.3,0.00,9.9,334,17.87
2022-11-29,29.2,21.7,0.00,12.0,59,17.92
2022-11-30,29.0,21.9,0.00,11.9,74,17.76
2022-12-01,28.4,21.3,0.00,11.3,77,17.80
2022-12-02,29.1,21.0,0.00,16.4,71,18.00
2022-12-03,29.4,21.7,0.00,14.6,41,17.33
2022-12-04,29.1,22.9,0.00,11.6,69,14.70
2022-12-05,29.6,23.5,0.20,10.1,53,15.37
2022-12-06,30.4,24.0,0.00,9.1,63,16.60
2022-12-07,29.0,22.9,0.00,12.6,58,17.21
2022-12-08,27.2,21.2,0.00,13.4,71,17.54
2022-12-09,26.5,19.1,0.00,17.3,82,18.17
2022-12-10,27.2,18.7,0.00,11.9,75,18.27
2022-12-11,28.7,21.0,0.00,11.8,75,16.71
2022-12-12,28.7,23.0,0.30,17.0,81,15.28
2022-12-13,29.2,23.4,0.30,18.4,93,14.78
2022-12-14,30.0,23.4,5.20,16.4,91,14.02
2022-12-15,28.9,23.0,0.40,11.8,87,14.84
2022-12-16,29.1,23.0,0.00,9.1,67,15.96
2022-12-17,29.0,23.0,0.00,10.5,63,15.80
2022-12-18,28.8,23.1,0.00,11.9,73,16.69
2022-12-19,27.8,21.4,0.00,13.0,71,16.93
2022-12-20,28.9,21.0,0.00,10.0,70,17.08
2022-12-21,29.5,21.3,0.00,10.5,58,17.13
2022-12-22,29.8,21.8,0.00,10.2,53,17.21
2022-12-23,29.6,21.8,0.00,12.8,298,17.16
2022-12-24,27.3,18.8,0.00,8.8,324,17.63
2022-12-25,28.7,18.7,0.00,15.3,65,17.63
2022-12-26,29.4,20.5,0.00,14.0,271,17.33
2022-12-27,30.0,20.6,0.00,12.7,332,16.70
2022-12-28,29.9,21.5,0.00,11.2,23,17.28
2022-12-29,30.4,21.5,0.00,11.7,354,17.25
2022-12-30,30.2,22.1,0.00,13.0,324,17.23
2022-12-31,29.3,21.3,0.00,12.5,326,17.51
2023-01-01,28.5,19.3,0.00,9.1,23,17.55
2023-01-02,28.5,19.8,0.00,11.6,64,17.63
2023-01-03,28.6,19.9,0.00,13.2,52,17.32
2023-01-04,27.1,19.6,0.00,15.6,76,16.38
2023-01-05,27.7,20.4,0.00,18.9,94,12.78
2023-01-06,27.2,20.8,0.00,16.5,84,14.77
2023-01-07,27.1,21.0,0.00,14.8,76,16.63
2023-01-08,26.3,19.9,0.00,11.1,68,17.62
2023-01-09,26.2,18.1,0.00,10.2,70,18.33
2023-01-10,27.1,17.9,0.00,13.0,69,18.49
2023-01-11,29.4,18.9,0.00,12.3,11,18.35
2023-01-12,27.3,18.8,0.00,12.5,308,18.41
2023-01-13,25.8,19.0,0.00,10.7,283,18.28
2023-01-14,26.7,17.0,0.00,11.5,351,18.47
2023-01-15,27.7,17.8,0.00,11.3,49,18.55
2023-01-16,28.3,18.3,0.00,13.4,329,18.78
2023-01-17,28.9,18.9,0.00,12.3,342,18.65
2023-01-18,28.7,19.3,0.00,13.6,56,18.58
2023-01-19,30.2,20.2,0.00,13.8,335,18.64
2023-01-20,29.0,20.8,0.00,17.1,252,18.76
2023-01-21,28.8,20.3,0.00,15.3,268,18.77
2023-01-22,27.5,19.4,0.00,16.3,294,18.83
2023-01-23,27.5,19.2,0.00,17.1,285,18.89
2023-01-24,27.6,18.9,0.00,13.8,299,18.69
2023-01-25,27.2,19.1,0.00,14.7,322,17.94
2023-01-26,29.6,20.9,0.00,15.9,359,17.79
2023-01-27,29.7,22.0,0.00,15.4,83,18.10
2023-01-28,30.2,22.5,0.00,13.0,101,19.35
2023-01-29,28.8,20.9,0.00,20.5,246,18.04
2023-01-30,28.6,20.9,0.30,13.6,273,16.58
2023-01-31,28.9,21.7,0.00,13.8,60,18.72
2023-02-01,28.1,21.9,0.00,14.9,77,16.62
2023-02-02,29.1,21.8,0.00,15.9,85,19.19
2023-02-03,29.2,21.5,0.00,11.6,68,20.16
2023-02-04,29.8,21.6,0.00,10.1,52,20.49
2023-02-05,30.5,21.8,0.00,15.2,73,20.60
2023-02-06,30.5,22.1,0.00,15.9,330,20.62
2023-02-07,30.0,22.1,0.00,15.2,348,20.99
2023-02-08,31.6,22.5,0.00,12.3,48,21.02
2023-02-09,33.0,22.9,0.00,14.3,41,21.38
2023-02-10,33.8,24.6,0.00,17.3,320,21.48
2023-02-11,32.9,23.4,0.00,14.1,306,21.81
2023-02-12,31.6,21.8,0.00,15.8,53,21.75
2023-02-13,31.4,22.3,0.00,15.6,78,21.97
2023-02-14,31.8,21.8,0.00,13.1,76,22.28
2023-02-15,33.3,22.9,0.00,12.6,60,22.37
2023-02-16,33.9,24.0,0.00,14.4,67,22.29
2023-02-17,34.3,24.5,0.00,12.8,45,22.53
2023-02-18,33.1,23.5,0.00,14.9,60,22.76
2023-02-19,33.6,23.4,0.00,15.1,64,22.93
2023-02-20,34.6,24.8,0.00,17.9,30,22.74
2023-02-21,34.6,25.3,0.00,16.6,294,22.70
2023-02-22,34.3,25.1,0.00,16.1,301,22.51
2023-02-23,34.1,25.2,0.00,15.0,345,23.21
2023-02-24,33.8,25.2,0.00,14.8,4,23.04
2023-02-25,33.8,25.4,0.00,14.3,335,23.00
2023-02-26,34.0,25.1,0.00,17.3,340,23.17
2023-02-27,33.6,24.9,0.00,17.4,345,23.09
2023-02-28,34.0,25.0,0.00,14.8,279,22.68
2023-03-01,33.3,25.0,0.00,20.4,273,23.05
2023-03-02,34.1,26.2,0.00,16.8,50,21.64
2023-03-03,34.4,26.5,0.00,13.5,45,22.10
2023-03-04,35.1,27.0,0.00,13.8,47,21.08
2023-03-05,34.1,27.0,0.20,17.8,61,20.67
2023-03-06,30.1,23.9,1.60,14.9,53,16.99
2023-03-07,30.6,23.0,4.20,15.9,112,19.57
2023-03-08,31.7,23.9,0.00,12.2,34,21.88
2023-03-09,32.5,24.5,0.00,11.9,30,22.47
2023-03-10,32.2,24.3,0.00,14.8,68,22.87
2023-03-11,33.2,25.0,0.00,16.7,89,21.68
2023-03-12,33.6,25.1,0.00,19.4,83,21.55
2023-03-13,32.8,26.2,0.10,15.4,81,20.84
2023-03-14,32.3,26.1,0.00,12.0,1,20.67
2023-03-15,30.9,25.2,0.20,14.3,48,13.58
2023-03-16,28.8,23.2,1.40,14.8,126,17.94
2023-03-17,28.9,22.2,0.80,12.7,342,17.25
2023-03-18,29.8,21.7,4.30,22.5,38,21.22
2023-03-19,29.1,21.9,0.00,18.2,251,22.91
2023-03-20,28.6,21.9,0.00,16.9,273,22.29
2023-03-21,28.4,22.1,0.00,14.1,262,21.51
2023-03-22,28.9,22.4,0.00,17.5,280,22.55
2023-03-23,29.7,22.7,0.00,16.4,282,21.34
2023-03-24,31.4,23.1,0.00,15.9,281,24.38
2023-03-25,31.1,22.7,0.00,19.5,288,25.66
2023-03-26,30.5,22.4,0.00,15.8,298,25.77
2023-03-27,31.7,23.6,0.00,17.1,299,25.61
2023-03-28,32.5,24.4,0.00,15.5,274,25.39
2023-03-29,33.5,25.0,0.00,16.4,263,25.52
2023-03-30,31.2,23.8,0.00,16.6,270,24.50
2023-03-31,30.1,24.1,0.10,19.2,276,23.61
2023-04-01,31.9,23.8,0.00,19.6,291,25.49
2023-04-02,32.4,24.6,0.00,16.4,300,25.89
2023-04-03,33.5,25.1,0.00,19.4,293,25.86
2023-04-04,34.3,26.5,0.00,18.1,301,23.24
2023-04-05,35.2,27.4,0.00,18.6,309,24.26
2023-04-06,34.7,27.8,0.00,15.8,312,22.30
2023-04-07,34.6,27.7,0.00,13.6,22,20.94
2023-04-08,33.1,27.2,0.00,19.3,103,19.44
2023-04-09,34.4,27.9,0.00,9.7,126,23.20
2023-04-10,34.7,28.1,0.00,23.2,244,21.54
2023-04-11,36.3,28.9,0.00,9.7,23,22.48
2023-04-12,37.0,29.6,0.00,11.7,299,23.77
2023-04-13,36.5,29.6,0.10,30.6,320,19.05
2023-04-14,36.9,29.6,0.00,15.0,310,24.22
2023-04-15,36.8,28.5,0.00,15.5,261,23.80
2023-04-16,36.6,29.0,0.00,18.8,264,25.11
2023-04-17,37.0,29.4,0.00,13.0,253,24.58
2023-04-18,37.3,30.1,0.00,19.8,310,22.35
2023-04-19,37.8,30.5,0.00,19.8,329,23.36
2023-04-20,36.7,29.7,0.00,19.7,293,24.22
2023-04-21,35.1,27.9,0.00,20.1,276,26.47
2023-04-22,34.1,26.7,0.00,18.0,276,24.73
2023-04-23,33.3,26.6,0.00,15.9,291,23.80
2023-04-24,35.5,28.1,0.00,22.8,306,26.72
2023-04-25,36.1,28.8,0.00,17.6,276,25.87
2023-04-26,33.7,27.0,0.00,19.1,240,20.67
2023-04-27,33.5,26.8,0.00,16.5,246,22.93
2023-04-28,33.6,27.6,0.20,18.2,242,23.44
2023-04-29,32.0,26.1,0.00,19.5,252,22.86
2023-04-30,30.9,24.8,1.10,21.3,284,21.72
2023-05-01,29.4,24.3,0.00,15.9,255,15.64
2023-05-02,31.6,25.7,0.00,12.6,256,22.46
2023-05-03,32.6,26.0,0.00,14.5,283,24.13
2023-05-04,32.5,26.3,0.00,11.6,281,22.28
2023-05-05,34.2,27.0,0.00,11.3,288,24.48
2023-05-06,33.1,27.4,0.50,17.8,293,23.07
2023-05-07,33.2,27.6,0.50,15.5,292,19.75
2023-05-08,35.0,29.0,0.10,15.0,299,23.05
2023-05-09,37.5,30.1,0.10,20.4,307,25.30
2023-05-10,39.4,31.3,0.00,18.4,322,24.90
2023-05-11,39.8,32.3,0.00,19.0,327,26.70
2023-05-12,39.3,31.4,0.00,20.8,298,25.26
2023-05-13,38.5,31.0,0.00,19.1,278,25.44
2023-05-14,37.3,29.4,0.00,19.7,261,26.11
2023-05-15,35.9,28.6,0.00,21.3,271,26.12
2023-05-16,35.3,28.2,0.00,23.3,271,25.85
2023-05-17,36.1,28.7,0.00,18.6,283,25.09
2023-05-18,36.2,28.9,0.00,18.7,290,24.32
2023-05-19,38.0,30.0,0.00,19.2,302,26.74
2023-05-20,36.6,29.3,0.00,15.6,283,24.76
2023-05-21,36.3,28.9,0.00,17.2,274,25.34
2023-05-22,36.4,29.2,0.00,16.1,285,25.76
2023-05-23,37.6,29.5,0.00,18.2,289,26.43
2023-05-24,36.5,29.1,0.00,20.2,278,25.61
2023-05-25,35.4,28.2,0.00,22.7,262,25.22
2023-05-26,34.7,27.8,0.00,24.7,254,24.68
2023-05-27,34.5,27.7,0.00,23.3,258,24.68
2023-05-28,36.1,28.6,0.00,17.9,265,25.52
2023-05-29,37.5,29.9,0.00,19.0,293,25.06
2023-05-30,37.4,29.9,0.00,18.6,310,25.28
2023-05-31,37.6,30.7,0.00,18.1,312,25.79
2023-06-01,37.4,31.0,0.00,17.3,302,24.29
2023-06-02,35.8,28.8,0.00,21.6,282,26.14
2023-06-03,35.6,28.9,0.00,21.2,273,23.12
2023-06-04,33.5,28.5,1.50,18.2,269,23.17
2023-06-05,33.9,28.2,0.20,18.1,268,24.53
2023-06-06,35.6,28.7,0.00,16.2,272,24.86
2023-06-07,35.7,29.0,0.00,15.2,264,24.99
2023-06-08,36.1,29.4,0.00,15.8,262,24.81
2023-06-09,36.7,29.3,0.30,23.3,251,24.81
2023-06-10,35.2,28.8,1.70,20.9,233,23.52
2023-06-11,35.2,28.9,1.90,25.5,215,22.58
2023-06-12,34.5,28.8,1.30,26.1,208,22.17
2023-06-13,33.3,28.1,1.50,28.8,217,22.06
2023-06-14,32.6,26.8,0.70,35.6,225,22.52
2023-06-15,33.1,27.0,1.00,31.3,223,24.26
2023-06-16,30.7,26.1,2.40,36.7,224,21.84
2023-06-17,32.1,26.3,0.60,31.3,237,22.17
2023-06-18,32.3,26.9,1.60,27.4,251,22.86
2023-06-19,33.6,27.2,0.00,26.2,257,21.37
2023-06-20,33.3,27.3,1.40,22.8,259,21.54
2023-06-21,33.1,27.4,1.80,20.5,260,22.61
2023-06-22,33.2,27.7,0.90,19.9,258,24.15
2023-06-23,32.5,27.4,1.90,21.1,251,22.63
2023-06-24,29.1,25.8,2.20,17.1,250,12.46
2023-06-25,28.2,24.6,2.10,26.8,238,15.36
2023-06-26,25.0,23.3,9.60,22.6,240,5.71
2023-06-27,25.3,23.0,7.00,19.1,238,6.92
2023-06-28,25.4,23.4,18.60,19.5,238,10.43
2023-06-29,24.5,23.2,13.30,24.8,246,6.76
2023-06-30,24.7,23.0,16.00,26.0,241,6.79
2023-07-01,24.9,23.0,17.50,30.0,243,8.76
2023-07-02,27.0,24.0,11.20,22.9,235,16.76
2023-07-03,28.9,25.0,3.70,18.4,232,16.97
2023-07-04,28.7,25.2,3.00,17.8,242,18.77
2023-07-05,28.5,24.5,19.50,15.3,243,11.70
2023-07-06,28.0,24.2,11.20,26.0,227,15.02
2023-07-07,26.8,23.9,6.80,25.5,227,13.38
2023-07-08,25.4,23.8,7.20,27.9,232,13.77
2023-07-09,27.0,23.9,6.50,30.4,234,18.09
2023-07-10,27.1,24.2,3.10,26.4,242,19.71
2023-07-11,27.7,24.3,2.00,23.9,259,17.31
2023-07-12,26.8,23.8,7.00,18.8,250,11.59
2023-07-13,28.1,24.3,4.50,18.4,243,15.76
2023-07-14,27.3,24.1,15.80,19.9,243,15.41
2023-07-15,26.7,23.9,8.90,23.3,253,14.17
2023-07-16,25.5,23.3,4.20,19.6,245,9.36
2023-07-17,26.2,23.6,3.20,21.3,242,13.16
2023-07-18,25.8,23.7,14.80,22.4,254,9.31
2023-07-19,25.6,23.7,10.80,26.3,249,9.99
2023-07-20,26.9,24.1,10.60,32.1,252,19.15
2023-07-21,27.6,24.3,6.30,21.8,252,16.13
2023-07-22,25.7,23.8,15.20,25.8,256,9.62
2023-07-23,27.0,23.8,12.40,29.6,242,16.08
2023-07-24,26.4,23.9,8.50,26.6,243,15.53
2023-07-25,26.9,24.0,5.80,21.2,251,14.39
2023-07-26,26.3,23.8,14.60,18.8,252,11.06
2023-07-27,25.4,23.6,10.90,24.5,262,8.89
2023-07-28,24.9,23.2,23.10,24.1,264,8.73
2023-07-29,24.8,23.3,5.40,24.0,258,9.50
2023-07-30,26.7,23.7,4.40,27.1,255,18.33
2023-07-31,27.0,23.8,4.40,26.7,253,16.36
2023-08-01,26.7,24.0,3.30,29.3,256,17.37
2023-08-02,26.5,23.7,4.50,30.7,252,18.51
2023-08-03,25.9,23.6,2.80,31.7,253,14.23
2023-08-04,26.5,23.6,1.60,29.3,248,10.13
2023-08-05,26.7,23.8,3.90,28.7,248,16.79
2023-08-06,26.4,23.9,2.40,31.5,253,16.12
2023-08-07,27.4,24.0,1.20,30.5,252,18.22
2023-08-08,27.4,24.1,1.10,28.1,249,19.22
2023-08-09,27.4,24.2,2.10,24.5,253,20.74
2023-08-10,26.6,23.9,2.10,21.0,252,18.34
2023-08-11,27.6,24.2,1.60,20.0,259,21.82
2023-08-12,27.0,23.7,2.00,23.2,252,20.84
2023-08-13,26.8,23.8,4.70,25.5,252,22.20
2023-08-14,26.7,23.8,2.40,25.4,245,18.22
2023-08-15,26.2,23.6,1.50,22.3,243,16.67
2023-08-16,28.5,24.4,1.00,21.7,257,21.83
2023-08-17,27.6,24.1,0.40,21.6,271,19.99
2023-08-18,27.6,24.0,0.40,21.4,279,18.14
2023-08-19,27.4,24.0,0.70,21.6,278,15.94
2023-08-20,27.2,23.9,4.80,22.5,274,14.57
2023-08-21,27.5,24.3,1.20,21.0,267,21.13
2023-08-22,27.8,23.8,3.50,19.1,260,14.82
2023-08-23,27.6,23.9,2.00,21.9,253,20.49
2023-08-24,27.6,24.0,1.40,25.6,248,21.05
2023-08-25,27.2,24.0,3.80,26.1,243,21.04
2023-08-26,26.2,23.6,4.50,24.3,239,17.83
2023-08-27,26.9,23.4,2.30,21.1,247,17.71
2023-08-28,27.8,23.8,2.40,21.7,251,21.78
2023-08-29,28.3,24.3,2.60,17.2,258,21.18
2023-08-30,29.8,24.6,0.40,11.9,275,24.08
2023-08-31,29.9,24.6,0.20,13.8,281,23.44
2023-09-01,30.8,25.6,0.20,10.8,314,24.50
2023-09-02,29.3,24.9,4.80,13.6,285,22.39
2023-09-03,28.9,24.6,2.10,16.1,284,19.93
2023-09-04,28.2,24.2,1.20,17.7,288,19.54
2023-09-05,29.6,24.6,0.10,17.1,291,22.97
2023-09-06,28.4,24.2,5.10,19.2,279,19.29
2023-09-07,27.0,24.0,5.20,24.9,272,14.40
2023-09-08,24.9,23.1,18.20,23.0,274,6.36
2023-09-09,27.6,24.4,4.60,24.6,275,12.76
2023-09-10,28.2,24.7,0.80,24.9,261,19.19
2023-09-11,27.5,24.4,1.60,23.3,263,19.29
2023-09-12,28.3,24.4,0.30,21.3,263,20.29
2023-09-13,27.7,24.0,1.30,19.7,258,20.47
2023-09-14,28.0,24.3,1.90,18.0,260,19.57
2023-09-15,27.7,23.8,0.90,18.4,263,15.29
2023-09-16,24.1,23.0,8.10,25.3,259,6.17
2023-09-17,26.0,23.2,2.20,29.8,245,11.84
2023-09-18,26.8,23.2,4.90,26.4,227,18.66
2023-09-19,27.0,23.5,3.00,24.1,223,16.87
2023-09-20,27.6,24.1,5.30,19.5,225,16.12
2023-09-21,28.7,24.4,10.20,12.6,236,16.42
2023-09-22,26.7,23.9,16.10,11.2,261,9.64
2023-09-23,28.2,23.8,12.10,12.8,269,13.34
2023-09-24,26.6,23.8,8.40,11.9,270,14.05
2023-09-25,28.6,24.2,1.80,11.9,261,17.56
2023-09-26,29.5,24.4,6.10,11.7,300,20.15
2023-09-27,29.0,24.1,20.10,12.0,325,14.05
2023-09-28,29.2,24.9,2.50,10.5,16,18.95
2023-09-29,29.3,24.5,11.50,13.7,50,17.68
2023-09-30,31.2,26.0,0.20,14.8,55,20.77
2023-10-01,31.2,26.2,0.00,14.9,18,19.57
2023-10-02,28.6,24.7,0.90,16.6,265,17.26
2023-10-03,29.5,24.8,0.00,14.9,283,21.25
2023-10-04,30.4,24.9,0.00,11.0,292,23.01
2023-10-05,30.2,24.3,0.00,12.6,277,22.59
2023-10-06,30.1,24.4,0.00,16.6,284,23.16
2023-10-07,30.5,24.6,0.00,12.9,288,23.26
2023-10-08,30.8,24.8,0.00,11.5,353,23.25
2023-10-09,31.8,25.6,0.00,14.1,320,22.78
2023-10-10,30.9,25.2,0.00,13.4,313,21.79
2023-10-11,31.2,25.4,0.00,14.8,315,21.59
2023-10-12,32.0,26.0,0.00,9.4,33,20.60
2023-10-13,31.8,25.9,0.00,12.1,29,19.41
2023-10-14,31.7,26.0,0.00,7.0,346,18.46
2023-10-15,30.6,25.7,0.10,12.8,326,19.81
2023-10-16,30.3,25.2,0.00,9.4,1,19.11
2023-10-17,30.4,25.0,0.40,10.7,37,19.64
2023-10-18,30.1,24.8,0.00,9.6,51,19.58
2023-10-19,31.7,25.6,0.00,17.8,6,21.31
2023-10-20,31.4,25.8,0.00,14.8,51,19.47
2023-10-21,30.4,25.2,0.30,13.9,72,17.95
2023-10-22,31.0,24.7,0.00,8.1,18,20.02
2023-10-23,31.5,25.4,0.00,10.3,36,19.32
2023-10-24,31.2,24.8,0.00,9.1,59,20.76
2023-10-25,30.9,24.4,0.00,10.3,62,18.64
2023-10-26,30.7,24.3,0.00,11.6,62,20.87
2023-10-27,30.4,23.7,0.00,13.2,65,21.02
2023-10-28,30.3,23.8,0.00,11.0,73,21.00
2023-10-29,30.6,23.5,0.00,10.5,62,20.77
2023-10-30,30.5,23.7,0.00,12.1,73,20.30
2023-10-31,30.5,23.6,0.00,14.9,54,19.77
2023-11-01,30.1,23.1,0.00,13.3,69,20.43
2023-11-02,29.9,23.4,0.00,12.6,63,20.28
2023-11-03,30.4,23.7,0.00,11.2,61,20.12
2023-11-04,30.9,24.2,0.00,14.6,69,19.65
2023-11-05,30.8,24.3,0.00,13.7,70,18.86
2023-11-06,30.7,24.1,0.00,15.0,84,19.65
2023-11-07,30.4,23.7,0.00,14.4,70,19.54
2023-11-08,30.9,24.9,0.00,13.2,72,17.89
2023-11-09,31.1,25.1,0.00,12.9,68,17.60
2023-11-10,30.7,24.7,3.40,16.4,108,15.81
2023-11-11,32.1,25.0,0.00,13.4,54,18.17
2023-11-12,31.5,24.9,0.00,12.1,60,18.32
2023-11-13,30.9,24.3,0.00,11.2,77,19.24
2023-11-14,30.3,23.6,0.00,11.2,59,19.20
2023-11-15,29.4,23.0,0.00,10.5,62,19.17
2023-11-16,29.1,23.0,0.00,10.8,70,19.02
2023-11-17,28.6,22.5,0.00,11.2,71,18.85
2023-11-18,29.2,22.4,0.00,13.2,78,18.53
2023-11-19,30.7,23.5,0.00,14.8,41,17.38
2023-11-20,30.3,25.3,0.00,16.5,58,17.80
2023-11-21,29.4,23.9,0.00,12.4,67,18.27
2023-11-22,28.8,22.6,0.00,12.5,54,18.51
2023-11-23,29.1,22.6,0.00,11.7,65,17.17
2023-11-24,29.2,23.5,0.00,13.6,77,16.50
2023-11-25,29.2,23.5,0.10,16.0,98,15.80
2023-11-26,28.2,22.7,15.00,15.8,115,11.10
2023-11-27,25.9,21.4,4.50,12.8,140,12.94
2023-11-28,27.0,21.6,1.40,10.7,317,15.60
2023-11-29,26.9,21.3,0.10,13.4,133,13.78
2023-11-30,27.7,21.3,1.30,11.8,148,15.65
2023-12-01,27.8,21.4,0.10,11.7,91,14.34
2023-12-02,28.1,22.2,0.30,16.2,93,15.83
2023-12-03,28.6,22.9,0.10,15.0,93,16.20
2023-12-04,28.0,23.0,0.00,11.3,70,15.85
2023-12-05,27.6,22.3,0.10,12.8,71,16.23
2023-12-06,25.8,21.1,0.80,14.9,81,13.14
2023-12-07,26.3,21.0,0.20,12.6,81,16.05
2023-12-08,27.0,21.2,0.00,12.8,79,16.55
2023-12-09,27.1,21.2,0.00,11.4,71,17.19
2023-12-10,27.5,21.5,0.00,12.8,69,17.10
2023-12-11,28.4,21.8,0.00,12.1,51,16.88
2023-12-12,28.0,21.2,0.00,14.3,354,16.35
2023-12-13,27.5,20.9,0.00,10.5,47,17.15
2023-12-14,27.2,21.2,0.00,12.8,85,17.13
2023-12-15,26.2,20.5,0.00,13.2,85,17.07
2023-12-16,26.0,19.5,0.00,10.2,70,17.31
2023-12-17,26.3,19.7,0.00,15.4,79,16.91
2023-12-18,25.7,20.1,0.00,18.2,87,16.00
2023-12-19,25.6,20.3,0.00,19.1,87,16.40
2023-12-20,25.9,19.5,0.00,18.5,87,15.26
2023-12-21,27.0,20.6,0.00,15.8,80,13.73
2023-12-22,28.1,21.3,0.00,11.2,59,13.36
2023-12-23,29.6,20.7,0.00,11.0,65,17.25
2023-12-24,29.2,21.3,0.00,12.6,74,17.50
2023-12-25,29.5,21.4,0.00,11.0,73,17.38
2023-12-26,30.0,21.9,0.00,15.3,46,17.35
2023-12-27,30.1,21.9,0.00,12.2,30,17.15
2023-12-28,29.5,22.2,0.00,10.4,68,17.37
2023-12-29,29.7,22.2,0.00,10.1,61,17.25
2023-12-30,29.7,21.8,0.00,10.2,29,17.23
2023-12-31,29.2,22.1,0.00,9.6,43,17.24
2024-01-01,28.8,21.7,0.00,14.3,10,16.77
2024-01-02,29.1,21.8,0.00,14.6,315,16.96
2024-01-03,28.6,21.2,0.00,13.5,283,16.15
2024-01-04,28.4,20.5,0.00,12.7,326,17.14
2024-01-05,27.9,19.9,0.00,15.8,316,17.22
2024-01-06,27.0,20.8,0.50,15.9,75,16.04
2024-01-07,28.3,21.4,0.60,14.4,96,15.63
2024-01-08,29.3,22.3,0.00,17.2,96,16.84
2024-01-09,29.2,22.8,0.40,11.6,99,13.47
2024-01-10,27.8,21.4,6.00,12.6,89,15.79
2024-01-11,29.2,22.5,0.00,10.5,59,16.18
2024-01-12,29.8,23.1,0.00,12.4,62,16.90
2024-01-13,30.7,23.5,0.00,15.6,333,17.57
2024-01-14,29.8,22.5,0.00,14.3,314,18.04
2024-01-15,27.0,19.8,0.00,15.0,327,19.08
2024-01-16,28.6,19.5,0.00,12.5,286,18.80
2024-01-17,27.7,19.7,0.00,15.4,265,18.55
2024-01-18,26.7,19.1,0.00,9.8,286,18.60
2024-01-19,27.9,20.0,0.00,13.1,356,18.50
2024-01-20,27.7,20.3,0.00,14.8,277,18.55
2024-01-21,27.4,19.9,0.00,13.0,63,18.80
2024-01-22,28.5,20.6,0.00,15.1,56,18.68
2024-01-23,26.4,19.3,0.00,12.6,6,19.34
2024-01-24,25.9,18.2,0.00,14.4,57,19.66
2024-01-25,26.9,18.6,0.00,15.6,81,19.64
2024-01-26,29.4,20.2,0.00,15.4,58,19.53
2024-01-27,29.4,21.0,0.00,14.0,63,19.25
2024-01-28,30.1,21.9,0.00,17.4,296,19.33
2024-01-29,29.3,21.8,0.00,15.0,318,19.32
2024-01-30,29.6,21.2,0.00,13.2,297,19.48
2024-01-31,29.5,21.0,0.00,13.8,294,19.65
2024-02-01,27.0,20.5,0.00,14.9,303,19.62
2024-02-02,28.0,20.6,0.00,14.0,14,19.80
2024-02-03,30.5,22.2,0.00,16.0,76,19.86
2024-02-04,32.2,23.5,0.00,13.4,47,19.84
2024-02-05,32.1,23.9,0.00,14.3,289,20.09
2024-02-06,32.8,23.7,0.00,14.1,292,20.24
2024-02-07,31.5,23.2,0.00,15.2,328,20.26
2024-02-08,30.0,22.0,0.00,15.0,54,20.46
2024-02-09,31.7,22.2,0.00,16.0,353,20.82
2024-02-10,31.9,22.4,0.00,16.6,301,20.97
2024-02-11,31.4,21.8,0.00,14.4,311,21.18
2024-02-12,31.4,22.1,0.00,14.2,282,20.93
2024-02-13,31.6,22.6,0.00,15.6,310,20.72
2024-02-14,30.8,22.9,0.00,14.3,334,20.58
2024-02-15,32.1,23.4,0.00,15.7,86,20.19
2024-02-16,33.2,24.9,0.00,14.4,53,18.11
2024-02-17,34.0,26.0,0.00,13.0,14,19.08
2024-02-18,33.2,24.8,0.00,11.8,280,21.79
2024-02-19,32.1,24.4,0.00,16.0,293,22.08
2024-02-20,31.7,24.0,0.00,17.7,292,22.20
2024-02-21,29.3,22.2,0.00,19.1,283,21.41
2024-02-22,28.5,22.0,0.00,18.6,282,22.08
2024-02-23,28.9,21.2,0.00,14.7,313,22.69
2024-02-24,29.6,21.6,0.00,15.8,328,23.26
2024-02-25,31.2,21.3,0.00,13.1,57,23.13
2024-02-26,33.9,24.6,0.00,14.0,94,21.22
2024-02-27,33.3,25.8,0.10,16.1,280,18.67
2024-02-28,32.9,26.2,0.00,14.6,29,20.38
2024-02-29,34.6,27.2,0.00,15.0,327,20.30
2024-03-01,34.0,26.9,0.00,14.5,266,18.89
2024-03-02,31.5,25.3,0.60,22.6,261,20.66
2024-03-03,28.5,22.8,0.00,21.6,270,21.22
2024-03-04,30.5,20.9,0.00,13.4,306,24.32
2024-03-05,32.8,22.5,0.00,18.6,302,24.11
2024-03-06,33.0,23.5,0.00,18.2,304,24.23
2024-03-07,32.9,23.9,0.00,16.0,312,23.68
2024-03-08,33.1,25.1,0.00,18.2,339,23.94
2024-03-09,34.8,25.1,0.00,16.9,326,24.03
2024-03-10,35.1,25.9,0.00,16.6,301,24.38
2024-03-11,34.8,26.2,0.00,18.1,322,24.03
2024-03-12,35.0,26.7,0.00,18.6,312,24.10
2024-03-13,33.3,25.8,0.00,16.1,306,24.42
2024-03-14,33.0,24.9,0.00,17.1,298,24.75
2024-03-15,33.5,24.3,0.00,15.6,288,25.09
2024-03-16,34.7,24.7,0.00,16.1,277,24.67
2024-03-17,35.0,25.8,0.00,19.2,262,24.80
2024-03-18,34.2,26.5,0.00,17.4,283,24.81
2024-03-19,34.0,26.4,0.00,18.4,311,25.46
2024-03-20,35.1,27.7,0.00,17.3,7,25.47
2024-03-21,35.3,27.3,0.00,23.8,331,24.84
2024-03-22,36.9,27.5,0.00,17.3,275,25.20
2024-03-23,37.1,27.9,0.00,18.7,277,25.26
2024-03-24,36.0,28.3,0.00,18.4,285,24.81
2024-03-25,37.5,29.0,0.00,18.7,300,24.69
2024-03-26,38.1,29.5,0.00,20.6,263,25.44
2024-03-27,39.6,30.0,0.00,20.2,285,24.32
2024-03-28,39.7,30.2,0.00,21.6,290,22.72
2024-03-29,37.9,30.1,0.00,17.1,299,20.67
2024-03-30,37.7,30.0,0.00,20.6,301,23.21
2024-03-31,37.7,30.0,0.00,20.7,301,24.23
2024-04-01,38.2,29.9,0.00,17.7,285,25.17
2024-04-02,38.7,29.4,0.00,18.7,275,25.96
2024-04-03,38.7,29.2,0.00,18.9,279,25.76
2024-04-04,37.1,29.2,0.00,16.7,293,25.59
2024-04-05,37.6,29.4,0.00,16.3,309,25.32
2024-04-06,36.9,30.4,0.00,17.6,327,25.33
2024-04-07,35.9,29.9,0.00,17.5,301,24.42
2024-04-08,37.4,28.6,0.00,18.9,277,26.60
2024-04-09,38.1,29.3,0.00,19.7,265,26.39
2024-04-10,38.4,29.1,0.00,19.3,266,26.25
2024-04-11,37.5,29.6,0.00,20.0,261,24.19
2024-04-12,36.4,29.8,0.00,20.5,225,25.97
2024-04-13,36.4,28.0,0.00,17.1,243,26.79
2024-04-14,37.9,28.5,0.00,21.0,305,26.33
2024-04-15,39.4,31.2,0.00,16.1,339,23.98
2024-04-16,39.6,33.3,0.00,15.1,352,22.49
2024-04-17,40.7,33.8,0.00,22.7,304,23.26
2024-04-18,41.0,32.8,0.00,23.7,294,24.16
2024-04-19,39.1,32.2,0.00,21.7,310,24.76
2024-04-20,37.9,31.4,0.00,21.9,305,23.98
2024-04-21,37.2,30.3,0.20,16.1,298,23.50
2024-04-22,36.5,30.2,0.50,21.3,287,23.72
2024-04-23,38.8,30.3,0.00,18.3,277,26.02
2024-04-24,37.8,30.6,0.00,17.8,271,22.29
2024-04-25,38.9,31.2,0.00,19.8,286,24.83
2024-04-26,38.2,31.2,0.00,17.0,294,20.86
2024-04-27,39.6,32.5,0.00,19.9,315,24.45
2024-04-28,40.4,33.2,0.00,23.1,323,24.44
2024-04-29,40.1,32.8,0.00,17.8,304,26.61
2024-04-30,39.4,32.7,0.00,19.1,312,26.85
2024-05-01,38.0,31.0,0.00,20.8,281,27.28
2024-05-02,37.9,29.7,0.00,19.8,281,27.77
2024-05-03,38.7,29.6,0.00,17.5,295,27.61
2024-05-04,38.6,30.4,0.00,17.0,298,27.01
2024-05-05,38.2,31.1,0.00,20.5,302,26.42
2024-05-06,37.3,30.5,0.00,23.0,284,26.92
2024-05-07,38.2,30.0,0.00,20.4,273,27.04
2024-05-08,38.1,29.2,0.00,24.8,273,25.61
2024-05-09,37.0,29.8,0.10,17.3,277,25.05
2024-05-10,36.5,29.3,5.00,17.1,269,24.09
2024-05-11,38.7,30.3,0.40,13.0,287,23.29
2024-05-12,37.1,30.2,0.80,13.6,300,21.66
2024-05-13,34.4,29.1,0.60,11.5,321,20.54
2024-05-14,38.0,30.0,1.50,18.0,351,22.59
2024-05-15,37.6,30.4,0.00,16.4,27,25.15
2024-05-16,37.4,30.7,0.90,20.0,340,22.13
2024-05-17,37.9,31.3,0.00,18.0,307,23.25
2024-05-18,39.5,31.3,0.10,16.4,306,24.03
2024-05-19,39.3,32.0,0.00,21.4,299,23.75
2024-05-20,39.7,32.5,0.00,21.1,310,25.47
2024-05-21,40.7,32.5,0.00,21.3,310,24.09
2024-05-22,40.7,32.7,0.00,23.1,307,21.58
2024-05-23,40.0,32.7,0.00,22.9,282,23.76
2024-05-24,39.1,31.8,0.00,22.1,272,26.22
2024-05-25,37.3,29.8,0.00,21.7,263,25.90
2024-05-26,36.5,29.5,0.00,22.1,264,25.55
2024-05-27,34.0,28.6,0.30,26.0,255,17.24
2024-05-28,35.3,29.0,0.00,28.1,258,25.73
2024-05-29,34.8,28.5,0.00,28.3,251,26.31
2024-05-30,36.1,28.9,0.00,23.1,260,25.40
2024-05-31,36.7,29.5,0.00,20.2,264,25.19
2024-06-01,36.5,29.4,0.00,17.5,265,25.80
2024-06-02,36.4,29.8,0.00,16.6,271,24.12
2024-06-03,35.2,29.2,2.40,17.6,258,19.81
2024-06-04,33.4,28.5,6.60,20.2,268,19.00
2024-06-05,33.9,28.3,3.80,17.4,260,21.00
2024-06-06,35.4,28.6,0.90,15.1,280,22.49
2024-06-07,35.1,27.6,6.20,16.2,277,19.22
2024-06-08,30.2,26.2,18.00,16.0,285,15.77
2024-06-09,30.6,26.6,0.20,16.5,277,12.07
2024-06-10,29.4,25.7,17.20,18.0,281,13.05
2024-06-11,29.6,25.6,4.50,17.8,267,14.27
2024-06-12,30.4,26.0,1.90,20.3,256,18.60
2024-06-13,30.3,25.9,1.30,17.1,249,20.39
2024-06-14,29.1,25.5,0.90,19.6,241,18.92
2024-06-15,31.1,25.9,4.40,15.9,240,22.12
2024-06-16,32.2,26.5,5.20,15.1,255,21.37
2024-06-17,31.6,26.1,7.20,16.4,247,20.44
2024-06-18,29.3,25.4,12.60,22.6,241,19.49
2024-06-19,28.1,24.9,2.60,25.4,238,16.44
2024-06-20,27.5,24.5,6.80,26.5,234,15.45
2024-06-21,29.7,25.6,2.30,25.1,242,21.63
2024-06-22,30.3,25.9,0.80,17.1,254,20.53
2024-06-23,30.0,25.2,18.30,15.4,265,13.46
2024-06-24,29.7,25.1,21.20,12.0,245,15.65
2024-06-25,30.5,26.0,11.30,16.4,211,19.02
2024-06-26,29.7,25.6,5.80,25.5,213,14.52
2024-06-27,28.0,24.8,7.60,26.8,215,14.35
2024-06-28,26.6,24.3,16.10,30.3,221,14.12
2024-06-29,28.3,24.7,2.40,26.5,223,18.85
2024-06-30,27.0,24.6,5.60,28.0,226,14.12
2024-07-01,26.1,24.0,10.70,33.8,222,15.94
2024-07-02,27.3,24.0,7.70,30.4,235,14.00
2024-07-03,27.4,24.2,3.10,29.1,230,14.24
2024-07-04,26.9,24.4,4.20,27.6,235,14.41
2024-07-05,26.7,24.2,5.00,27.3,231,16.45
2024-07-06,26.4,23.9,15.20,29.0,236,12.36
2024-07-07,28.1,24.6,3.00,23.1,240,15.44
2024-07-08,27.8,24.2,6.20,14.9,240,9.64
2024-07-09,29.6,24.3,20.20,18.9,239,16.85
2024-07-10,28.0,24.2,8.40,22.5,234,15.33
2024-07-11,26.5,23.5,23.60,25.1,236,11.88
2024-07-12,26.4,24.1,10.70,26.3,248,14.48
2024-07-13,25.7,23.5,49.20,23.4,246,8.09
2024-07-14,26.5,24.0,5.00,18.8,262,10.59
2024-07-15,27.7,24.6,3.20,18.4,264,12.84
2024-07-16,28.9,25.1,2.20,15.9,236,17.00
2024-07-17,27.6,24.0,5.30,22.2,233,13.52
2024-07-18,26.2,24.2,5.60,28.7,238,13.21
2024-07-19,26.0,24.0,5.10,29.7,234,13.27
2024-07-20,26.4,23.9,8.60,32.0,233,12.13
2024-07-21,26.1,23.9,7.70,25.2,237,10.00
2024-07-22,24.1,23.4,24.50,33.7,241,6.81
2024-07-23,24.5,23.4,18.30,30.1,245,5.90
2024-07-24,24.4,23.2,36.50,33.2,247,5.67
2024-07-25,24.3,23.2,34.60,28.1,264,7.06
2024-07-26,25.9,23.6,7.00,31.0,253,11.46
2024-07-27,25.5,23.6,6.80,32.1,257,11.72
2024-07-28,25.1,23.4,10.50,25.8,257,7.05
2024-07-29,26.5,23.9,24.90,30.0,244,14.06
2024-07-30,27.2,24.1,4.30,26.2,238,15.34
2024-07-31,27.2,24.3,8.80,26.2,247,16.41
2024-08-01,26.8,24.0,5.90,28.6,249,14.12
2024-08-02,25.9,23.6,9.60,28.7,247,15.34
2024-08-03,26.0,23.3,14.90,30.2,240,10.21
2024-08-04,24.7,23.2,18.40,24.8,247,8.04
2024-08-05,26.1,23.6,4.10,28.1,239,12.18
2024-08-06,27.0,24.1,3.30,26.2,243,18.96
2024-08-07,27.4,24.3,3.20,25.2,258,19.95
2024-08-08,26.6,23.8,2.90,22.6,257,14.52
2024-08-09,24.7,23.2,2.50,20.6,249,7.50
2024-08-10,27.9,24.1,3.90,24.6,253,18.80
2024-08-11,26.3,23.9,2.10,24.7,258,17.97
2024-08-12,26.8,24.0,5.50,23.2,252,16.78
2024-08-13,28.4,24.7,3.40,16.7,254,20.67
2024-08-14,28.5,24.6,1.30,15.9,261,18.32
2024-08-15,28.5,24.8,1.70,15.6,268,19.08
2024-08-16,28.4,24.9,1.80,16.5,254,20.61
2024-08-17,29.6,24.8,2.30,12.2,258,18.85
2024-08-18,29.4,25.2,16.50,10.9,274,15.22
2024-08-19,28.9,25.1,10.00,8.4,316,15.12
2024-08-20,27.9,24.5,28.60,14.4,297,12.27
2024-08-21,29.4,24.9,18.30,11.0,26,19.14
2024-08-22,29.6,24.8,23.40,17.1,239,15.81
2024-08-23,28.5,24.7,9.90,15.0,236,11.22
2024-08-24,24.6,23.4,21.00,23.4,260,7.47
2024-08-25,24.1,22.5,25.50,27.3,251,7.12
2024-08-26,24.2,22.6,23.50,32.3,244,5.58
2024-08-27,25.4,22.5,6.90,33.4,224,14.93
2024-08-28,24.9,22.5,10.00,28.6,220,9.50
2024-08-29,26.6,23.2,5.10,26.7,223,18.01
2024-08-30,27.4,23.7,1.70,19.9,231,17.32
2024-08-31,27.6,24.2,1.40,16.2,266,19.07
2024-09-01,27.8,24.0,0.50,20.5,283,15.82
2024-09-02,23.6,22.8,16.90,17.3,283,6.60
2024-09-03,26.4,23.3,7.00,19.8,266,10.20
2024-09-04,26.8,23.9,2.20,23.8,258,19.17
2024-09-05,26.1,23.7,8.20,22.6,255,11.52
2024-09-06,27.2,23.9,4.60,24.1,255,16.12
2024-09-07,27.6,24.1,2.60,21.3,263,19.12
2024-09-08,27.8,24.2,1.90,17.0,257,20.03
2024-09-09,26.7,23.9,3.60,18.5,265,16.29
2024-09-10,27.7,24.2,1.60,17.7,259,17.33
2024-09-11,27.8,24.0,1.50,21.1,245,18.77
2024-09-12,26.2,23.6,1.00,23.1,245,14.48
2024-09-13,26.2,23.2,2.00,23.1,245,20.85
2024-09-14,25.9,22.7,2.30,23.2,237,21.09
2024-09-15,26.3,22.9,1.30,19.1,257,17.31
2024-09-16,28.1,23.8,0.40,15.2,274,21.84
2024-09-17,27.7,22.9,1.00,16.7,289,19.61
2024-09-18,28.0,23.3,0.30,11.3,275,17.54
2024-09-19,29.0,23.7,7.60,9.0,264,19.84
2024-09-20,28.7,24.1,1.30,16.6,278,19.33
2024-09-21,28.9,24.4,0.20,15.2,286,19.74
2024-09-22,28.8,24.2,3.60,13.4,305,16.42
2024-09-23,28.3,24.7,10.00,12.5,312,11.74
2024-09-24,29.9,24.7,12.40,14.3,337,18.55
2024-09-25,27.9,24.0,37.10,13.7,305,10.83
2024-09-26,24.8,23.3,49.50,12.5,258,4.89
2024-09-27,24.9,23.0,12.70,23.4,221,7.11
2024-09-28,26.8,23.7,48.40,22.6,241,13.82
2024-09-29,27.8,23.8,1.30,20.2,240,15.96
2024-09-30,28.6,24.5,1.70,11.7,287,17.21
2024-10-01,30.9,25.5,0.20,10.0,325,21.39
2024-10-02,31.1,25.5,2.50,13.7,285,20.96
2024-10-03,29.7,24.9,0.40,14.5,264,18.45
2024-10-04,28.7,24.4,1.00,14.1,261,18.45
2024-10-05,29.1,24.5,0.20,8.9,291,21.27
2024-10-06,29.1,24.2,2.20,17.5,66,19.85
2024-10-07,30.3,25.4,0.20,16.8,78,21.14
2024-10-08,30.5,25.4,0.00,9.7,68,21.37
2024-10-09,29.2,24.4,9.10,13.2,91,14.44
2024-10-10,28.0,23.8,8.40,21.4,97,12.20
2024-10-11,28.4,23.5,12.80,22.0,100,13.17
2024-10-12,29.1,24.0,6.50,18.7,106,16.90
2024-10-13,29.4,24.1,6.30,14.8,104,16.61
2024-10-14,29.5,24.2,2.30,16.2,92,18.33
2024-10-15,29.4,24.6,0.40,14.9,90,19.01
2024-10-16,29.5,24.9,1.00,12.8,69,19.61
2024-10-17,27.2,24.5,0.00,11.5,75,10.62
2024-10-18,29.7,25.4,4.50,20.8,95,18.29
2024-10-19,29.0,23.9,14.10,13.0,107,13.72
2024-10-20,27.3,23.1,13.70,14.2,102,9.85
2024-10-21,27.7,23.0,20.90,13.3,94,14.01
2024-10-22,29.0,23.8,0.90,12.7,77,17.72
2024-10-23,29.2,24.1,0.20,11.1,70,19.33
2024-10-24,28.1,23.8,0.00,12.1,69,19.56
2024-10-25,29.4,23.4,0.00,8.9,29,21.11
2024-10-26,29.6,22.9,0.00,9.9,39,20.80
2024-10-27,30.6,23.8,0.00,14.5,328,20.72
2024-10-28,31.5,24.1,0.00,9.1,350,20.79
2024-10-29,31.1,24.8,0.00,12.9,13,19.20
2024-10-30,30.1,24.2,0.00,8.0,50,20.11
2024-10-31,30.4,24.6,0.00,13.4,68,19.94
2024-11-01,30.4,24.6,0.00,13.1,69,19.98
2024-11-02,30.2,24.4,0.00,10.5,61,20.27
2024-11-03,30.5,23.8,0.00,11.1,62,19.87
2024-11-04,30.2,23.9,0.00,10.6,71,19.34
2024-11-05,29.8,24.0,0.00,10.6,65,19.54
2024-11-06,30.6,23.6,0.00,10.4,47,20.06
2024-11-07,29.8,22.7,0.00,10.2,63,19.93
2024-11-08,30.2,22.8,0.00,15.7,62,19.72
2024-11-09,29.6,22.9,0.00,15.1,58,19.22
2024-11-10,29.2,22.8,0.00,12.1,56,19.57
2024-11-11,28.8,22.4,0.00,13.2,58,19.47
2024-11-12,28.8,22.5,0.00,17.4,72,19.56
2024-11-13,29.5,23.1,0.00,15.2,89,19.43
2024-11-14,30.2,23.5,0.00,13.8,75,18.94
2024-11-15,31.0,24.8,0.00,13.3,65,16.81
2024-11-16,31.4,25.1,0.00,11.1,59,17.78
2024-11-17,30.3,24.6,0.00,14.2,78,18.64
2024-11-18,29.0,23.2,0.00,14.3,69,18.95
2024-11-19,28.3,22.2,0.00,12.4,86,18.93
2024-11-20,27.8,21.8,0.00,14.5,90,18.79
2024-11-21,28.2,21.8,0.00,12.8,80,18.73
2024-11-22,28.5,21.8,0.00,11.2,75,18.70
2024-11-23,29.2,22.2,0.00,12.4,65,18.60
2024-11-24,28.5,22.2,0.00,10.9,76,18.33
2024-11-25,27.9,21.5,0.00,14.1,77,18.36
2024-11-26,27.8,21.0,0.00,16.2,78,18.35
2024-11-27,27.2,20.8,0.00,17.4,91,18.43
2024-11-28,27.7,20.7,0.00,18.8,77,18.35
2024-11-29,27.0,20.2,0.00,16.9,76,18.45
2024-11-30,27.2,20.1,0.00,13.7,88,18.33
2024-12-01,28.8,21.4,0.00,13.3,81,17.73
2024-12-02,29.2,23.2,0.00,13.2,81,13.56
2024-12-03,29.7,24.3,0.70,17.8,86,13.36
2024-12-04,29.9,25.0,0.20,18.5,93,13.33
2024-12-05,29.8,24.7,0.60,14.3,74,15.09
2024-12-06,31.0,25.0,0.30,10.3,41,15.89
2024-12-07,29.6,23.6,0.00,12.6,313,17.18
2024-12-08,27.7,20.7,0.00,12.7,314,17.97
2024-12-09,26.1,19.1,0.00,13.7,34,18.13
2024-12-10,26.0,18.6,0.00,13.1,81,17.42
2024-12-11,27.6,20.1,0.00,11.6,72,17.28
2024-12-12,27.8,20.8,0.00,11.6,52,17.28
2024-12-13,26.2,19.7,0.00,15.1,79,17.65
2024-12-14,26.1,18.9,0.00,16.6,89,17.70
2024-12-15,26.9,19.1,0.00,15.2,82,17.93
2024-12-16,27.3,19.6,0.00,13.4,81,18.02
2024-12-17,28.7,20.3,0.00,12.2,73,17.78
2024-12-18,28.8,20.6,0.00,12.8,75,17.81
2024-12-19,29.1,20.7,0.00,12.2,29,17.76
2024-12-20,28.4,21.1,0.00,11.0,254,17.15
2024-12-21,29.1,21.7,0.00,12.1,26,16.85
2024-12-22,28.2,20.9,0.00,15.5,255,14.76
2024-12-23,26.8,21.2,0.20,16.0,273,13.65
2024-12-24,27.0,21.2,0.00,14.5,318,13.76
2024-12-25,28.7,22.0,0.00,14.1,35,15.38
2024-12-26,28.4,22.7,0.10,14.7,94,11.56
2024-12-27,27.9,22.5,0.70,14.2,193,14.83
2024-12-28,26.7,22.3,1.00,14.0,302,12.71
2024-12-29,27.7,22.1,0.10,13.6,73,14.51
2024-12-30,29.3,22.8,0.00,11.8,77,15.93
2024-12-31,29.1,22.9,0.00,11.9,49,16.81
2025-01-01,28.6,22.6,0.00,11.7,73,17.25
2025-01-02,29.8,22.2,0.00,11.9,73,17.68
2025-01-03,29.4,21.8,0.00,11.4,82,17.81
2025-01-04,29.6,21.7,0.00,12.1,79,18.12
2025-01-05,29.6,21.9,0.00,13.0,7,14.55
2025-01-06,28.9,21.8,0.00,15.5,326,17.77
2025-01-07,26.8,20.4,0.00,14.3,70,17.77
2025-01-08,27.0,19.5,0.00,12.6,82,18.03
2025-01-09,27.7,19.8,0.00,15.1,88,18.15
2025-01-10,27.9,20.5,0.00,12.2,81,17.81
2025-01-11,28.3,21.3,0.00,14.7,254,17.33
2025-01-12,28.2,21.3,0.00,10.9,5,16.77
2025-01-13,27.8,21.1,0.00,13.8,87,17.46
2025-01-14,29.8,21.8,0.00,14.1,98,16.87
2025-01-15,30.5,23.7,0.00,17.1,175,16.81
2025-01-16,29.9,22.9,0.10,14.8,337,17.17
2025-01-17,28.6,22.4,0.00,15.4,87,17.84
2025-01-18,28.5,22.0,0.00,16.6,91,18.58
2025-01-19,29.8,22.2,0.00,12.7,78,18.67
2025-01-20,29.9,22.5,0.00,12.0,67,18.75
2025-01-21,30.5,22.9,0.00,11.2,58,18.81
2025-01-22,31.5,23.5,0.00,15.2,35,18.89
2025-01-23,30.7,23.3,0.00,16.7,335,18.76
2025-01-24,30.8,23.6,0.00,13.9,69,18.94
2025-01-25,32.4,24.6,0.00,14.3,69,18.92
